${s.place} (${s.quantity} available),${s.place} (${s.quantity} disponible),
A un code SPIE TM,A un code SPIE TM,
About,A Propos,
Achat,Achat,
Actif,Actif,
Actual Quantity,Quantité réelle,
Add,Ajouter,
Add Notes,Ajouter des notes,
Add items to submit the request,Ajouter un article pour soumettre,
Address,Adresse,
Alternatives,Alternatives,
Amended From,Modifié depuis,
An assembly cannot contain itself,Un assemblage ne peut pas se contenir lui-même,
An error occured,Une erreur est survenue,
"Any modification of the document must be confirmed by saving in ""Draft"".","""Toute modification du document doit être confirmée en enregistrant en """"Brouillon"""".""",
Are you sure about the project ?,Vérifiez le projet,
Article,Article,
Article Place Rules,Règles d'emplacement article,
Article Providers,Prestataires de l'article,
Article Servi,"Article Servi,,,",
Article to register,Article à enregistrer,
Article to retail,Article à revendre,
Article {0} ({1}) : missing quantity is {2},Article {0} ({1}) : quantité manquante de {2},
Article(s) added with success,Article(s) ajoutés avec succès,
Article(s) moved with success,Article(s) déplacés avec succès,
Article(s) pulled-out with success,Article(s) sortis avec succès,
Articles Group,Groupe d'articles,
Asked quantity,Quantité demandée,
Assembly,Assemblage,
Assembly Items,Éléments de l'assemblage,
"Aucun article servi, aucune expédition créée.","Aucun article servi,aucune expédition créée.",
Batch No,N° de lot,
Batch_no,N° de lot,
BoM,Nomenclature,
BoM Definition,Définition de nomenclature,
Booked,Réservé,
By MR,Par DMC,
Carnet de maintenance,Carnet de maintenance,
Carrier,Transporteur,
Category,Catégorie,
Characteristics,Caractéristiques,
Characteristics Unit Link,Lien unité de caractéristique,
Characteristics designation,Désignation des caractéristiques,
Characteristics types,Types de caractéristiques,
Chargement des règles...,Chargement des règles…,
City,Ville,
Client,Client du projet,
Closest Event,Événement le plus proche,
Closest Event Date,Date de l'événement le plus proche,
Closest event date,Date de l'événement le plus proche,
Code SPIE TM,Code SPIE TM,
Company,Société,
Composition,Composition,
Composition Items,Éléments de composition,
Compositions,Compositions,
Contact,Contact,
Contacts,Contacts,
Conversion Rate,Taux de conversion,
Country,Pays,
Creation DMC,Création DMC,
Currently Booked,Actuellement réservé,
DLU,DLU,
DMC,DMC,
DMC Compositions,Compositions DMC,
DMC Items,Éléments DMC,
DMC Name,Nom DMC,
DMC created with success,DMC créée avec succès,
"DMC not validated, closed","DMC non-validée,Cloturée",
DMC partially validated,DMC partiellement validée,
"DMC saved in draft, items reserved","DMC sauvegardée en brouillon,Articles réservés",
DMC validated,DMC validée,
Date,Date,
Delivery Address,Adresse de livraison,
Delivery Date,Date de livraison,
Delivery address,Adresse de livraison,
Delivery date,Date de livraison,
Description,Description,
Designation,Désignation,
Details,Détails,
Disables movements statistics,Désactive les statistiques de mouvements,
Draft,Brouillon,
ES,ES,
Email,Courriel,
Emplacement Source,Emplacement source,
En années,"En années,,,",
End Date,Date de fin,
End Date is before Start Date,La date de fin se trouve avant la date de début,
End of life,Fin de vie,
Event Date,Date de l'événement,
Events,Événements,
Expected Date on Site,Date d'arrivée prévue sur site,
Expected quantity,Quantité attendue,
Expedition,Expédition,
Expiry Date,Date d'expiration,
Explication,Explication,
Explication textuelle,Explication textuelle,
Exported,Exporté,
External,Externe,
Fabricant,Fabricant,
Fictif (LD),Fictif (LD),
Frappe Support,Support Frappe,
Fréquence de suivi,Fréquence de suivi,
Full Name,Nom Complet,
Fullname,Nom complet,
GLAO User,Utilisateur GLAO,
General,Général,
General details,Détails généraux,
Gessica_code,Gessica_code,
Gestion DMC,Gestion DMC,
Gestion DMC Compositions,Gestion des compositions DMC,
Gestion DMC Items,Gestion des éléments DMC,
Glao App,Glao App,
Hangar logistique,Hangar logistique,
IC,IC,
In the composition,Dans la composition,
Incomplete,Incomplet,
Instance,Instance,
Insufficient Stock available,Stock disponible insuffisant,
Internal Quantity,Quantité interne,
Intervention,Intervention,
Intervention Date,Date d'intervention,
Inventaire,Inventaire,
Is Active,Actif,
Is Assembly,Est un assemblage,
Is Group,Est un groupe,
Is Parent,Est parent,
Is Referenced,Est référencé,
Is Tracked,Est suivi,
Is active,Actif,
Item,Article,
Items,Articles,
Job No,N° de chantier,
Job N°,N° de chantier,
Job no,N° de chantier,
Keyboard Shortcuts,Raccourcis clavier,
L,Litige,
Last price,Dernier prix,
Lastname,Nom,
Left,Parti,
Left DMC,Reste DMC,
Location,Localisation,
Location ID,ID de localisation,
Location Name,Nom de la localisation,
Locations for BoM,Localisations pour la nomenclature,
MFG Reference,Référence fabricant,
MR,DMC,
MR BoM,Nomenclature DMC,
MR Items,Éléments DMC,
MR Name,Nom DMC,
Maintenance book,Carnet de maintenance,
Manual,Manuel,
Manufacturer,Fabricant,
Manufacturing Date,Date de fabrication,
Maximum quantity,Quantité maximale,
Minimum quantity,Quantité minimale,
Movement,Mouvement,
Movement Date,Date de mouvement,
Movement Items,Éléments de mouvement,
Name,Nom,
Needs date,Date de besoin,
New DMC,Nouvelle DMC,
Next event date,Date du prochain événement,
"No stock entry for this article, first add an item in 'Stock Entry","Pas d'entrée de stock connu de cet article,Commenez par faire une entrée de stock",
Nom,Nom,
Nomenclature,Nomenclature,
Nomenclature Items,Éléments de nomenclature,
Nomenclature Name,Nom de la nomenclature,
Not Available,Non disponible,
Not Provided,Non fourni,
Not SI,Hors SI,
"Not enough , either add a line with a different source, either add some in the source place. Currently,  is available in the selected place  at line","Pas assez,Ajouter une nouvelle ligne avec une source différente.,ou alors ajoutez-en. Actuellement,est disponible à l'emplacement selectionné  à la ligne",
Not served,Non servi,
Notes,Notes,
Old Parent,Ancien parent,
One of the serial numbers already exists in Current Stock,Un des numéros de série existe déjà en stock,
Other,Autre,
Owner,Propriétaire,
P,Perdu,
PO,Commande d'achat,O
PR Reference,Référence DA,
Parent Articles Group,Groupe d'articles parent,
Parent Location,Localisation parente,
Partially validated,Partiellement validé,
Pas encore enregistré,Pas encore enregistré,
Passed,Passé,
Periodicity in days,Périodicité en jours,
Phone,Téléphone,
Place,Emplacement,
Place Rules,Règles d'emplacement,
Place for litigation,Emplacement pour litige,
Place to stock,Emplacement de stockage,
Place(s),Emplacement(s),
Places,Emplacements,
Places Rules Main,Règles principales des emplacements,
Places Stock,Stock par emplacements,
Position,Fonction,
Postcode,Code postal,
Previous Reference,Référence précédente,
Price,Prix,
Price Date,Date du prix,
Print LoF,Imprimer BL,
Progress,Progression,
Project,Projet,
Project Compositions Sent,Project Compositions Sent,
Project Items Sent,Project Items Sent,
Project Title,Titre du projet,
Project client,Client du projet,
Projects,Projets,
Provider,Fournisseur,
Providers,Fournisseurs,
Pull,Retrait,
Purchase Command,Commande d'achat,
Purchase Command Items,Éléments de la commande d'achat,
Purchase Request,Demande d'achat,
Purchase Request Items,Éléments de la demande d'achat,
Quantities,Quantités,
Quantity,Quantité,
Quantity Requested,Quantité demandée,
Quantity to Move,Quantité à déplacer,
R,Rebut,
RA,RA,
Reason,Raison,
Ref Events,Événements de référence,
Ref constructeur,Ref constructeur,
Reference Details,Détails de la référence,
Reference man,Référent,
Referenced article added to stock,Article suivi ajouté en stock,
Refresh table,Actualiser le tableau,
Register,Enregistrer,
Released,Diffusé,
Requested Article,Article demandé,
Retail,Revente,
Retired,Retiré,
Retour Compos,Compositions de retour,
Retour Items,Éléments de retour,
Retour et Inventaire,Retour et Inventaire,
Return,Retour,
Revision Date,Date de révision,
Right,Droit,
Rules,Règles,
Référence,Référence,
Référence Fabricant,Référence fabricant,
Référence fabricant,Référence fabricant,
SPIE_TM_CODE_ID,SPIE_TM_CODE_ID,
SS,SS,
Second file,Deuxième fichier,
Sent BoM,Nomenclature envoyée,
Sent Items,Éléments envoyés,
Sent quantity,Quantité envoyée,
Serial No,N° de série,
Service,Service,
Shipped,Expédié,
Shipping Date,Date d'expédition,
Short Name,Nom court,
Shortname,Nom court,
Sold,Vendu,
Solder,Solder,
Source Location,Localisation source,
Source Place,Emplacement source,
Source place,Emplacement source,
Split Item,Scinder l'article,
Standard Periodicity 🕑,Périodicité standard 🕑,
Starting Date,Date de début,
Status,Statut,
Stock,Stock,
Stock Entry,Entrée de stock,
Stock Entry saved,Entrée de stock sauvegardée,
Stock rules,Règles de stock,
Substitute Article,Article de substitution,
Substitutes,Substituts,
Supplier,Fournisseur,
Supplier Reference,Référence fournisseur,
Supplier reference,Référence fournisseur,
Suppliers,Fournisseurs,
Surname,Nom de famille,
System Health,État du système,
System Manager,Gestionnaire système,
Target Location,Localisation cible,
Terminated,Terminé,
"The article has no quantity, add some before doing this","L'article n'a pas de quantité,Ajoutez-en avant de faire ça,,",
The periodicity is not assigned in the article document,Aucune périodicité n'a été renseignée dans la page de l'article,
"This composition comes from a validated DMC, please use the dedicated tab to modify it","Cette composition vient d'une DMC validée,Utilisez la page dédiée",
To,À,
Total Quantity,Quantité totale,
Total expected,Total attendu,
Total maximum,Total maximum,
Total minimum,Total minimum,
Tracked article transfered with success,Article suivi transféré avec succès,
Transfert,Transfert,
Treated,Traité,
Type,Type,
Type de retour,Type de retour,
Unavailable,Indisponible,
Une erreur est survenue : probleme sur les autonames,Une erreur est survenue : problème sur les noms automatiques,
Unit,Unité,
Units,Unités,
VGP,VGP,
Validated,Validé,
Value,Valeur,
Waiting,En attente,
Warehouse settings,Paramètres d'entrepôt,
Warranty Term,Durée de garantie,
Website,Site web,
Which are issued,Qui sont émis,
You can't have more than one periodicity,Vous ne pouvez pas définir plus d'une périodicité par article,
You can't have more than one retail easement,Vous ne pouvez pas définir plus d'une servitude par article,
You need to add reference details in the table,You need to add reference details in the table,
You need to add some places in the table,Veuillez ajouter des emplacements dans la table,
[ ERROR ] : Article(s) not found,[ ERROR ] : Article(s) non trouvé(s),
[ ERROR ] : M286,[ ERROR ] : M286,
add_des,add_des,
already_checked,already_checked,
article_article,article_article,
article_name,article_name,
basique,basique,
batch,batch,
can_retail,Servitude,
char_name,char_name,
char_value,char_value,
comp_saved,comp_saved,
compo_row_name,compo_row_name,
composition_data,composition_data,
external,external,
fabricant_hidden,Fabricant,
file,file,
has_batch_no,has_batch_no,
has_code,Code SPIE,
hidden_place_rules,hidden_place_rules,
is_referenced,is_referenced,
is_sub_item,is_sub_item,
moved_quantity,moved_quantity,
periodicity,periodicity,
place_saved,place_saved,
pull_des,pull_des,
re_des,re_des,
reserved,reserved,
retail,Détail,
saved,saved,
saved_item,saved_item,
saved_place,saved_place,
saved_quantity,saved_quantity,
se_des,se_des,
second,second,
serial,serial,
supplier_link,supplier_link,
