Servitude au détail,,,
${s.place} (${s.quantity} disponible),,,
A un code SPIE TM,,,
Achat,,,
Ajouter un article pour soumettre,,,
Un assemblage ne peut pas se contenir lui-même,,,
Une erreur est survenue ,,,
Vérifiez le projet,,,
Article Servi,,,
Article {0} ({1}) : quantité manquante de {2},,,
Article(s) ajoutés avec succès,,,
Article(s) déplacés avec succès,,,
Article(s) sortis avec succès,,,
Aucun article servi,aucune expédition créée.,,
Chargement des règles...,,,
Compositions,,,
DMC créée avec succès,,,
DMC non-validée,Cloturée,,
DMC partiellement validée,,,
DMC sauvegardée en brouillon,Articles réservés,,
DMC validée,,,
Date,,,
Emplacement Source,,,
En années,,,
La date de fin se trouve avant la date de début,,,
Évènement,,,
Explication,,,
Explication textuelle,,,
Fabricant,,,
Fictif (LD),,,
Gessica_code,,,
Stock disponible insuffisant,,,
Intervention,,,
Inventaire,,,
Reste DMC,,,
Nouvelle DMC,,,
Pas assez de quantité disponible en stock  :  (Peut-être trop de réservés) Quantité interne :  dont  sont réservés,ligne,,
Pas d'entrée de stock connu de cet article,Commenez par faire une entrée de stock,,
Pas assez,Ajouter une nouvelle ligne avec une source différente.,ou alors ajoutez-en. Actuellement,est disponible à l'emplacement selectionné  à la ligne
Un des numéros de série existe déjà en stock,,,
Commande d'achat,,,
Demande d'achat,,,
Pas encore enregistré,,,
Emplacement de litige non-spécifié pour : ,,,
Emplacement de Stock non trouvé pour,,,
Project Compositions Sent,,,
Project Items Sent,,,
Quantité,,,
Article suivi ajouté en stock,,,
Référence,,,
Référence Fabricant,,,
Référence fabricant,,,
SPIE_TM_CODE_ID,,,
Quantité envoyée,,,
Service,,,
Solder,,,
Emplacement source,,,
Entrée de stock sauvegardée,,,
L'article n'a pas de quantité,Ajoutez-en avant de faire ça,,
Aucune périodicité n'a été renseignée dans la page de l'article,,,
Cette composition vient d'une DMC validée,Utilisez la page dédiée,,
Article suivi transféré avec succès,,,
Type de retour,,,
Une erreur est survenue : problème sur les noms automatiques,,,
Vous ne pouvez pas définir plus d'une périodicité par article,,,
Vous ne pouvez pas définir plus d'une servitude par article,,,
Pour chaque numéro de série : Ajoutez une ligne,Vous ne pouvez pas réserver plus d'une fois le même numéro de série,ligne,
You need to add reference details in the table,,,
Veuillez ajouter des emplacements dans la table,,,
[ ERROR ] : Article(s) non trouvé(s),,,
[ ERROR ] : M286,,,
article_article,,,
basique,,,
Servitude,,,
composition_data,,,
Fabricant,,,
Code SPIE,,,