"""Company History""","""Historique de la Société""",
"""Team Members"" or ""Management""","""Membres de l'Équipe"" ou ""Gestionnaire""",
&lt;head&gt; HTML,HTML,
0 - Draft; 1 - Submitted; 2 - Cancelled,0 - Brouillon; 1 - Validé; 2 - Annulé,
0 is highest,0 est le plus élevé,
"1 Currency = [?] Fraction
For e.g. 1 USD = 100 Cent","1 Devise = [?] Fraction
Par ex. 1 USD = 100 Cent",
"<div class=""alert"">Please don't update it as it can mess up your form. Use the Customize Form View and Custom Fields to set properties!</div>","<div class=""alert"">Veuillez ne pas le mettre à jour car cela pourrait gâcher votre formulaire. Utilisez la vue Personnaliser Le Formulaire et les Champs Personnalisés pour définir les propriétés !</div>",
"<h3>Custom CSS Help</h3>

<p>Notes:</p>

<ol>
<li>All field groups (label + value) are set attributes <code>data-fieldtype</code> and <code>data-fieldname</code></li>
<li>All values are given class <code>value</code></li>
<li>All Section Breaks are given class <code>section-break</code></li>
<li>All Column Breaks are given class <code>column-break</code></li>
</ol>

<h4>Examples</h4>

<p>1. Left align integers</p>

<pre><code>[data-fieldtype=""Int""] .value { text-align: left; }</code></pre>

<p>1. Add border to sections except the last section</p>

<pre><code>.section-break { padding: 30px 0px; border-bottom: 1px solid #eee; }
.section-break:last-child { padding-bottom: 0px; border-bottom: 0px;  }</code></pre>
","<h3>Aide sur les feuilles de style CSS personnalisées</h3>

<p>Remarques :</p>

<ol>
<li>Tous les groupes de champs (étiquette + valeur) sont dotés des attributs <code>data-fieldtype</code> et <code>data-fieldname</code>.</li>
<li>Toutes les valeurs reçoivent la classe <code>value</code></li>
<li>La classe <code>section-break</code> est attribuée à tous les sauts de section.</li>
<li>La classe <code>column-break</code> est attribuée à tous les sauts de colonne.</li>
</ol>

<h4>Exemples</h4>

<p>1. Alignement à gauche des nombres entiers</p>

<pre><code>[data-fieldtype=""Int""] .value { text-align : left ; }</code></pre>

<p>1. Ajoutez une bordure aux sections, à l'exception de la dernière section</p>

<pre><code>.section-break { padding : 30px 0px ; border-bottom : 1px solid #eee ; }
.section-break:last-child { padding-bottom : 0px ; border-bottom : 0px ; }</code></pre>
",
"<h3>Print Format Help</h3>
<hr>
<h4>Introduction</h4>
<p>Print Formats are rendered on the server side using the Jinja Templating Language. All forms have access to the <code>doc</code> object which contains information about the document that is being formatted. You can also access common utilities via the <code>frappe</code> module.</p>
<p>For styling, the Boostrap CSS framework is provided and you can enjoy the full range of classes.</p>
<hr>
<h4>References</h4>
<ol>
	<li><a href=""http://jinja.pocoo.org/docs/templates/"" target=""_blank"">Jinja Templating Language</a></li>
	<li><a href=""http://getbootstrap.com"" target=""_blank"">Bootstrap CSS Framework</a></li>
</ol>
<hr>
<h4>Example</h4>
<pre><code>&lt;h3&gt;{{ doc.select_print_heading or ""Invoice"" }}&lt;/h3&gt;
&lt;div class=""row""&gt;
	&lt;div class=""col-md-3 text-right""&gt;Customer Name&lt;/div&gt;
	&lt;div class=""col-md-9""&gt;{{ doc.customer_name }}&lt;/div&gt;
&lt;/div&gt;
&lt;div class=""row""&gt;
	&lt;div class=""col-md-3 text-right""&gt;Date&lt;/div&gt;
	&lt;div class=""col-md-9""&gt;{{ doc.get_formatted(""invoice_date"") }}&lt;/div&gt;
&lt;/div&gt;
&lt;table class=""table table-bordered""&gt;
	&lt;tbody&gt;
		&lt;tr&gt;
			&lt;th&gt;Sr&lt;/th&gt;
			&lt;th&gt;Item Name&lt;/th&gt;
			&lt;th&gt;Description&lt;/th&gt;
			&lt;th class=""text-right""&gt;Qty&lt;/th&gt;
			&lt;th class=""text-right""&gt;Rate&lt;/th&gt;
			&lt;th class=""text-right""&gt;Amount&lt;/th&gt;
		&lt;/tr&gt;
		{%- for row in doc.items -%}
		&lt;tr&gt;
			&lt;td style=""width: 3%;""&gt;{{ row.idx }}&lt;/td&gt;
			&lt;td style=""width: 20%;""&gt;
				{{ row.item_name }}
				{% if row.item_code != row.item_name -%}
				&lt;br&gt;Item Code: {{ row.item_code}}
				{%- endif %}
			&lt;/td&gt;
			&lt;td style=""width: 37%;""&gt;
				&lt;div style=""border: 0px;""&gt;{{ row.description }}&lt;/div&gt;&lt;/td&gt;
			&lt;td style=""width: 10%; text-align: right;""&gt;{{ row.qty }} {{ row.uom or row.stock_uom }}&lt;/td&gt;
			&lt;td style=""width: 15%; text-align: right;""&gt;{{
				row.get_formatted(""rate"", doc) }}&lt;/td&gt;
			&lt;td style=""width: 15%; text-align: right;""&gt;{{
				row.get_formatted(""amount"", doc) }}&lt;/td&gt;
		&lt;/tr&gt;
		{%- endfor -%}
	&lt;/tbody&gt;
&lt;/table&gt;</code></pre>
<hr>
<h4>Common Functions</h4>
<table class=""table table-bordered"">
	<tbody>
		<tr>
			<td style=""width: 30%;""><code>doc.get_formatted(""[fieldname]"", [parent_doc])</code></td>
			<td>Get document value formatted as Date, Currency, etc. Pass parent <code>doc</code> for currency type fields.</td>
		</tr>
		<tr>
			<td style=""width: 30%;""><code>frappe.db.get_value(""[doctype]"", ""[name]"", ""fieldname"")</code></td>
			<td>Get value from another document.</td>
		</tr>
	</tbody>
</table>
","<h3>Aide sur le format d'impression</h3>
<hr>
<h4>Introduction</h4>
<p>Les formats d'impression sont rendus côté serveur à l'aide du langage de modélisation Jinja. Tous les formulaires ont accès à l'objet <code>doc</code> qui contient des informations sur le document en cours de formatage. Vous pouvez également accéder à des utilitaires communs via le module <code>frappe</code>.</p>
<p>Pour le style, le cadre CSS Boostrap est fourni et vous pouvez profiter de la gamme complète de classes.</p>
<hr>
<h4>Références</h4>
<ol>
	<li><a href=""http://jinja.pocoo.org/docs/templates/"" target=""_blank"">Jinja Templating Language (en anglais)</a></li>
	<li><a href=""http://getbootstrap.com"" target=""_blank"">Cadre CSS Bootstrap</a></li>
</ol>
<hr>
<h4>Exemple d'application</h4>
<pre><code>&lt;h3&gt;{{ doc.select_print_heading or ""Invoice"" }}&lt;/h3&gt;
&lt;div class=""row""&gt;
	&lt;div class=""col-md-3 text-right""&gt;Nom du client&lt;/div&gt;
	&lt;div class=""col-md-9""&gt;{{ doc.customer_name }}&lt;/div&gt;
&lt;/div&gt;
&lt;div class=""row""&gt;
	&lt;div class=""col-md-3 text-right""&gt;Date&lt;/div&gt;
	&lt;div class=""col-md-9""&gt;{{ doc.get_formatted(""invoice_date"") }}&lt;/div&gt;
&lt;/div&gt;
&lt;table class=""table-bordered""&gt;
	&lt;tbody&gt;
		&lt;tr&gt;
			&lt;th&gt;Sr&lt;/th&gt;
			&lt;th&gt;Nom de l'article&lt;/th&gt;
			&lt;th&gt;Description&lt;/th&gt;
			&lt;th class=""text-right""&gt;Qté&lt;/th&gt;
			&lt;th class=""text-right""&gt;Taux&lt;/th&gt;
			&lt;th class=""text-right""&gt;Montant&lt;/th&gt;
		&lt;/tr&gt;
		{%- for row in doc.items -%}
		&lt;tr&gt;
			&lt;td style=""width : 3% ;""&gt;{{ row.idx }}&lt;/td&gt;
			&lt;td style=""width : 20% ;""&gt;
				{{ row.item_name }}
				{% if row.item_code != row.item_name -%}
				&lt;br&gt;Item Code : {{ row.item_code}}
				{%- endif %}
			&lt;/td&gt;
			&lt;td style=""width : 37% ;""&gt;
				&lt;div style=""border : 0px ;""&gt;{{ row.description }}&lt;/div&gt;&lt;/td&gt;
			&lt;td style=""width : 10% ; text-align : right ;""&gt;{{ row.qty }} {{ row.uom or row.stock_uom }}&lt;/td&gt;
			&lt;td style=""width : 15% ; text-align : right ;""&gt;{{
				row.get_formatted(""rate"", doc) }}&lt;/td&gt;
			&lt;td style=""width : 15% ; text-align : right ;""&gt;{{
				row.get_formatted(""amount"", doc) }}&lt;/td&gt;
		&lt;/tr&gt;
		{%- endfor -%}
	&lt;/tbody&gt;
&lt;/table&gt;</code></pre>
<hr>
<h4>Fonctions communes</h4>
<table class=""table table-bordered"">
	<tbody>
		<tr>
			<td style=""width: 30%;""><code>doc.get_formatted(""[fieldname]"", [parent_doc])</code></td>
			<td>Obtenir la valeur du document formatée en tant que date, devise, etc. Passez le <code>document</code> parent pour les champs de type devise.</td>
		</tr>
		<tr>
			<td style=""width: 30%;""><code>frappe.db.get_value(""[doctype]"", ""[name]"", ""fieldname"")</code></td>
			<td>Obtenir la valeur d'un autre document.</td>
		</tr>
	</tbody>
</table>
",
"<h4>Default Template</h4>
<p>Uses <a href=""http://jinja.pocoo.org/docs/templates/"">Jinja Templating</a> and all the fields of Address (including Custom Fields if any) will be available</p>
<pre><code>{{ address_line1 }}&lt;br&gt;
{% if address_line2 %}{{ address_line2 }}&lt;br&gt;{% endif -%}
{{ city }}&lt;br&gt;
{% if state %}{{ state }}&lt;br&gt;{% endif -%}
{% if pincode %} PIN:  {{ pincode }}&lt;br&gt;{% endif -%}
{{ country }}&lt;br&gt;
{% if phone %}Phone: {{ phone }}&lt;br&gt;{% endif -%}
{% if fax %}Fax: {{ fax }}&lt;br&gt;{% endif -%}
{% if email_id %}Email: {{ email_id }}&lt;br&gt;{% endif -%}
</code></pre>","<h4>Modèle par défaut</h4>
<p>Utilisez le <a href=""http://jinja.pocoo.org/docs/templates/"">modèle Jinja</a> et tous les champs de l'adresse (y compris les champs personnalisés, le cas échéant) seront disponibles.</p>
<pre><code>{{ address_line1 }}&lt;br&gt;
{% if address_line2 %}{{ address_line2 }}&lt;br&gt;{% endif -%}
{{ city }}&lt;br&gt;
{% if state %}{{ state }}&lt;br&gt;{% endif -%}
{% if pincode %} PIN :  {{ pincode }}&lt;br&gt;{% endif -%}
{{ country }}&lt;br&gt;
{% if phone %}Phone : {{ phone }}&lt;br&gt;{% endif -%}
{% if fax %}Fax : {{ fax }}&lt;br&gt;{% endif -%}
{% if email_id %}Email : {{ email_id }}&lt;br&gt;{% endif -%}
</code></pre>",
"<h5 class=""text-muted uppercase"">Or</h5>","<h5 class=""text-muted uppercase"">Ou</h5>",
"<pre>*  *  *  *  *
┬  ┬  ┬  ┬  ┬
│  │  │  │  │
│  │  │  │  └ day of week (0 - 6) (0 is Sunday)
│  │  │  └───── month (1 - 12)
│  │  └────────── day of month (1 - 31)
│  └─────────────── hour (0 - 23)
└──────────────────── minute (0 - 59)

---

* - Any value
/ - Step values
</pre>
","<pre>* * * * *
┬ ┬ ┬ ┬ ┬
│ │ │ │ │
│ │ │ │ └ jour de la semaine (0 - 6) (0 est dimanche)
│ │ │ └───── mois (1 - 12)
│ │ └────────── jour du mois (1 - 31)
│ └──────────────── heure (0 - 23)
└──────────────────── minute (0 - 59)

---

* - Toute valeur
/ - Valeurs d'étape
</pre>
",
A list of resources which the Client App will have access to after the user allows it.<br> e.g. project,Une liste des ressources que l'App client aura accès à après que l'utilisateur le permet. <br> par exemple projet,
A symbol for this currency. For e.g. $,Un symbole pour cette monnaie. Par exemple $,
A0,A0,
A4,A4,
A8,A8,
A9,A9,
ALL,Tous,
API,API,
API Access,Accès API,
API Endpoint,API Endpoint,
API Endpoint Args,Args de paramètres API,
API Key,Clé API,
API Key cannot be regenerated,La clé API ne peut pas être régénérée,
API Method,Méthode API,
API Secret,Secret API,
About,A Propos,
About Us Team Member,À propos du Membre de l'équipe,
Access Log,Journal d&#39;accès,
Access Token,Jeton d'Accès,
Access Token URL,URL du jeton d&#39;accès,
Account Deletion Settings,Paramètres de suppression de compte,
Action,Action,
Action / Route,Action / Route,
Action Label,Libellé de l'action,
Action Timeout (Seconds),Délai d&#39;attente de l&#39;action (secondes),
Action Type,Type d&#39;action,
Actions,Actions,
Activate,Activer,
Active Directory,LDAP,
Active Domains,Domaines actifs,
Active Sessions,Sessions actives,
Activity Log,Historique d'activité,
Add Background Image,Ajouter une image de fond,
Add Border at Bottom,Ajouter une bordure en bas,
Add Border at Top,Ajouter une bordure en haut,
Add Container,Ajouter un conteneur,
Add Custom Tags,Ajouter des balises personnalisées,
Add Gray Background,Ajouter un fond gris,
Add Query Parameters,Ajouter des paramètres de requête,
Add Signature,Ajouter une Signature,
Add Space at Bottom,Ajouter une bordure en bas,
Add Space at Top,Ajouter de l'espace en haut,
Add Total Row,Ajouter une Ligne Totale,
Add Unsubscribe Link,Ajouter le Lien Se Désinscrire,
"Added HTML in the &lt;head&gt; section of the web page, primarily used for website verification and SEO","HTML ajouté dans la section   de la page web, utilisé principalement pour la vérification de site et le référencement",
Additional Permissions,Autorisations supplémentaires,
Address,Adresse,
Address Template,Modèle d'Adresse,
Address Title,Titre de l'Adresse,
Address Type,Type d'Adresse,
Address and other legal information you may want to put in the footer.,Adresse et autres informations juridiques que vous voudriez mettre dans le pied de page.,
Addresses And Contacts,Adresses Et Contacts,
Advanced,Avancé,
Advanced Control,Contrôle avancé,
Advanced Settings,Réglages avancés,
After Cancel,Après avoir annulé,
After Delete,Après la suppression,
After Insert,Après l'insertion,
After Rename,Après le renommage,
After Save,Après l&#39;enregistrement,
After Save (Submitted Document),Après l&#39;enregistrement (document valider),
After Submission,Après la soumission,
After Submit,Après validation,
Aggregate Function Based On,Fonction d&#39;agrégation basée sur,
Alert,Alerte,
Align,Align,
Align Labels to the Right,Alignez les Étiquettes à Droite,
Align Right,Aligner à droite,
All,Tous,
"All possible Workflow States and roles of the workflow. Docstatus Options: 0 is ""Saved"", 1 is ""Submitted"" and 2 is ""Cancelled""","Tous les états de flux de travail et les rôles possibles du flux de travail. Les options d'état de Doc: 0 sont ""Enregistrés"", 1 est ""Envoyé"" et 2 est ""Annulé""",
Allocated To,Attribué à,
Allow,Autoriser,
Allow Auto Repeat,Autoriser la répétition automatique,
Allow Bulk Edit,Autoriser la Modification en Masse,
Allow Bulk Editing,Autoriser l'édition en masse,
Allow Consecutive Login Attempts,Autoriser des tentatives de connexion consécutives,
Allow Guest,Autoriser l&#39;invité,
Allow Guest to View,Autoriser les Invités à Voir,
Allow Guests to Upload Files,Autoriser les invités à télécharger des fichiers,
Allow Import (via Data Import Tool),Autoriser l&#39;importation (via l&#39;outil d&#39;importation de données),
Allow Login After Fail,Nombre d'échecs maximum de connexion,
Allow Login using Mobile Number,Autoriser la Connexion en utilisant un Numéro de Téléphone Portable,
Allow Login using User Name,Autoriser la connexion en utilisant le Nom d'Utilisateur,
Allow Modules,Autoriser les modules,
Allow Print for Cancelled,Autoriser l'Impression si Annulé,
Allow Print for Draft,Autoriser l'Impression si Brouillon,
Allow Read On All Link Options,Autoriser la lecture de toutes les options de lien,
Allow Rename,Permettre le Renommage,
Allow Roles,Autoriser les Rôles,
Allow Self Approval,Autoriser l&#39;auto-approbation,
Allow approval for creator of the document,Autoriser l'approbation par le créateur du document,
Allow document creation via Email,Autoriser la création de documents par e-mail,
"Allow editing even if the doctype has a workflow set up.

Does nothing if a workflow isn't set up.","Autoriser l'édition même s'il existe workflow configuré.

Ne fais rien si un flux de travail n'est pas configuré.",
Allow events in timeline,Autoriser les événements dans la chronologie,
Allow in Quick Entry,Autoriser dans les entrées rapides,
Allow on Submit,Autoriser à la Validation,
Allow only one session per user,Autoriser une seule session par utilisateur,
Allow page break inside tables,Autoriser les sauts de page dans les tables,
Allow saving if mandatory fields are not filled,Autoriser l&#39;enregistrement si les champs obligatoires ne sont pas remplis,
Allow user to login only after this hour (0-24),Autoriser l'utilisateur à se connecter seulement après cette heure (0-24),
Allow user to login only before this hour (0-24),Autoriser l'utilisateur à se connecter seulement après cette heure (0-24),
Allowed,Autorisé,
Allowed In Mentions,Autorisé dans les mentions,
Allowed Roles,Rôles Autorisés,
Alternative Email ID,Email de connexion alternatif,
"Always add ""Draft"" Heading for printing draft documents","Toujours ajouter l'entête""Brouillon"" pour l'impression des documents brouillons",
Always use this email address as sender address,Toujours utiliser cet email comme expediteur,
Always use this name as sender name,Toujours utiliser ce nom comme expediteur,
Amend,Nouv. version,
Amend Counter,Modifier le compteur,
Amended Document Naming Settings,Paramètres de nommage des documents modifiés,
Amended Documents,Documents modifiés,
Amended From,Modifié depuis,
Amendment Naming Override,Surcharge de nommage de l'amendement,
An icon file with .ico extension. Should be 16 x 16 px. Generated using a favicon generator. [favicon-generator.org],Un fichier d'icône avec l’extension .ico. Devrait être 16 x 16 px. Générer en utilisant un générateur de favicon. [favicon-generator.org],
Analytics,Analytique,
Anonymization Matrix,Matrice d'anonymisation,
Any string-based printer languages can be used. Writing raw commands requires knowledge of the printer's native language provided by the printer manufacturer. Please refer to the developer manual provided by the printer manufacturer on how to write their native commands. These commands are rendered on the server side using the Jinja Templating Language.,Tous les langages d&#39;impression basés sur des chaînes peuvent être utilisés. L&#39;écriture de commandes brutes nécessite la connaissance de la langue maternelle de l&#39;imprimante fournie par le fabricant de l&#39;imprimante. Veuillez vous reporter au manuel du développeur fourni par le fabricant de l’imprimante pour savoir comment écrire leurs commandes natives. Ces commandes sont rendues côté serveur à l&#39;aide du langage de templates Jinja.,
App,Application,
App ID,ID de l'application,
App Logo,Logo de l'application,
App Name,Nom de l'App,
Append Emails to Sent Folder,Ajouter des e-mails au dossier envoyé,
Append To,Ajouter A,
"Append as communication against this DocType (must have fields: ""Sender"" and ""Subject""). These fields can be defined in the email settings section of the appended doctype.","Ajouter comme communication avec ce DocType (doit avoir des champs : ""Envoyer"" et ""Sujet""). Ces champs peuvent être définis dans la section des paramètres de messagerie du doctype ajouté.",
Application Logo,Logo de l&#39;application,
Application Name,Nom de l&#39;application,
Application Version,Version de l&#39;application,
Applied On,Appliqué sur,
Apply Strict User Permissions,Appliquer des autorisations d&#39;utilisateur strictes,
Apply To,Appliquer à,
Apply To All Document Types,Appliquer à tous les types de documents,
Apply User Permission On,Appliquer l'autorisation de l'utilisateur sur,
Apply this rule if the User is the Owner,Appliquer cette règle si l'Utilisateur est le Responsable,
Arial,Arial,
Assign Condition,Attribuer une condition,
Assign To Users,Attribuer aux utilisateurs,
Assigned,Attribué,
Assigned By,Attribué Par,
Assigned By Full Name,Assigné Par Nom complet,
Assignment Completed,Affectation Terminée,
Assignment Days,Jours de mission,
Assignment Rule,Règle d&#39;assignation,
Assignment Rule Day,Jour de règle d&#39;affectation,
Assignment Rule User,Affectation de règle utilisateur,
Assignment Rules,Règles d&#39;attribution,
Assignments,Affectations,
Attach,Attacher,
Attach Image,Joindre l'Image,
Attach Package,Joindre le paquet,
Attach Print,Joindre l'Impression,
Attached File,Pièce jointe,
Attached To DocType,Joint au DocType,
Attached To Field,Attaché au champ,
Attached To Name,Joint Au Nom,
Attachment,Pièce jointe,
Attachment Limit (MB),Taille Maximale de la Pièce jointe (MB),
Attachment Link,Lien de pièce jointe,
Attachment Removed,Pièce jointe retirée,
Audit System Hooks,Crochets système d'audit,
Audit Trail,Traînée d'audit,
Auth URL Data,Données d&#39;URL d&#39;authentification,
Authentication,Authentification,
Author,Auteur,
Authorization Code,Code d'Autorisation,
Authorization URI,URI d'autorisation,
Authorize API Access,Autoriser l'accès à l'API,
Authorize API Indexing  Access,Autoriser l&#39;accès à l&#39;indexation d&#39;API,
Authorize Google Calendar Access,Autoriser l&#39;accès à Google Agenda,
Authorize Google Contacts Access,Autoriser l&#39;accès à Google Contacts,
Authorize URL,Autoriser l&#39;URL,
Authorized,Autorisé,
Auto,Automatique,
Auto Name,Nom Auto,
Auto Repeat,Répétition automatique,
Auto Repeat Day,Jour de répétition automatique,
Auto Reply,Réponse automatique,
Auto Reply Message,Message de Réponse Automatique,
Auto follow documents that you Like,Suivre automatiquement les documents que vous aimez,
Auto follow documents that you comment on,Suivre automatiquement les documents que vous commentez,
Auto follow documents that you create,Suivi automatique des documents que vous créez,
Autocomplete,Auto-complétion,
Automated Message,Message automatique,
Automatic,Automatique,
Automatically Assign Documents to Users,Affecter automatiquement des documents aux utilisateurs,
Automatically delete account within (hours),Supprimer automatiquement le compte dans (heures),
Average,Moyenne,
Awaiting Password,En attente de mot de passe,
Awaiting password,En attente Mot de Passe,
Background Color,Couleur d’Arrière-plan,
Background Image,Image d'arrière-plan,
Background Jobs,Travaux en Arrière-plan,
Background Jobs Check,Vérification des Travaux en Arrière-plan,
Background Workers,Exécution d'Opérations en Arrière-Plan,
Backups,Sauvegardes,
Backups (MB),Sauvegardes (MB),
Banner,Bannière,
Banner HTML,Bannière HTML,
Banner Image,Image de la bannière,
Banner is above the Top Menu Bar.,La Bannière est au-dessus de la Barre de Menu Supérieure.,
Bar,Bar,
Base Distinguished Name (DN),"""Distinguished Name"" (DN) de base",
Base URL,URL de base,
Based on Field,Basé sur le champ,
Based on Permissions For User,Basé sur les Permissions De l'Utilisateur,
Basic,De base,
Before Cancel,Avant d&#39;annuler,
Before Delete,Avant de supprimer,
Before Insert,Avant l&#39;insertion,
Before Save,Avant de sauvegarder,
Before Save (Submitted Document),Avant de sauvegarder (document valider),
Before Submit,Avant de valider,
Beta,Bêta,
Billing,Facturation,
Bio,Biographie,
Birth Date,Date de naissance,
Block Module,Bloquer le Module,
Block Modules,Bloquer les Modules,
Bold,Audacieux,
Bottom,Bas,
Bounced,Refusés,
Brand HTML,Marque HTML,
Brand Image,Logo,
Brand Logo,Logo de la marque,
Breadcrumbs,Fil d’Ariane (Breadcrumbs),
Browser,Navigateur,
Browser Version,Version du navigateur,
Brute Force Security,"Sécurité contre les attaques de type ""force brute""",
Button,Bouton,
Button Gradients,Gradients de bouton,
Button Rounded Corners,Boutons coins arrondis,
Button Shadows,Ombres de bouton,
Bypass Restricted IP Address Check If Two Factor Auth Enabled,Contournement de l&#39;adresse IP restreinte Vérifiez si l&#39;authentification à deux facteurs est activée,
Bypass Two Factor Auth for users who login from restricted IP Address,Ignorer l'authentification à double facteur pour les utilisateurs qui se connectent à partir d'une adresse IP restreinte,
Bypass restricted IP Address check If Two Factor Auth Enabled,Ignorer la vérification de l&#39;adresse IP restreinte si l&#39;authentification à deux facteurs est activée,
CSS Class,Classe CSS,
Calendar,Calendrier,
Calendar Name,Nom du calendrier,
Calendar View,Vue du calendrier,
Call,Appeler,
Call To Action,Appel à l&#39;action,
Call To Action URL,URL d&#39;appel à l&#39;action,
Callback Message,Message de rappel,
Callback Title,Titre de rappel,
Cancel,Annuler,
Card,Carte,
Cards,Cartes,
Category,Catégorie,
Category Description,Description de la Catégorie,
Category Name,Nom de la Catégorie,
Center,Centre,
Change Label (via Custom Translation),Modifier le libellé (via Traduction Personnalisée ),
Change Password,Changez le Mot de Passe,
"Change the starting / current sequence number of an existing series. <br>

Warning: Incorrectly updating counters can prevent documents from getting created.","Modifiez le numéro de séquence de début/actuel d’une série existante. <br>

Attention : une mise à jour incorrecte des compteurs peut empêcher la création de documents.",
Changes,Modifications,
Channel,Canal,
Chart Configuration,Configuration du graphique,
Chart Name,Nom du graphique,
Chart Options,Options de graphique,
Chart Source,Source graphique,
Chart Type,Type de graphique,
Charts,Graphiques,
Check,Vérifier,
Check this if you want to force the user to select a series before saving. There will be no default if you check this.,Cochez cette case si vous voulez forcer l'utilisateur à sélectionner une série avant de l'enregistrer. Il n'y aura pas de série par défaut si vous cochez cette case.,
Checking this will hide custom doctypes and reports cards in Links section,Cochez cette case pour masquer les doctypes et bulletins personnalisés dans la section Liens,
Child Tables are shown as a Grid in other DocTypes,Les tables enfants sont affichées sous forme de grille dans d&#39;autres DocTypes,
Choose authentication method to be used by all users,Choisissez la méthode d'authentification qui sera utilisée par tous les utilisateurs,
City,Ville,
City/Town,Ville,
Clicked,Cliqué,
Client,Client du projet,
Client Code,Code client,
Client Credentials,Identifiants du Client,
Client ID,ID Client,
Client Information,Informations sur le client,
Client Script,Script client,
Client Secret,Secret Client,
Client URLs,URLs Client,
Close Condition,Condition proche,
Collapsible,Réductible,
Collapsible Depends On,Réductible Dépends de,
Color,Couleur,
Column Break,Saut de Colonne,
Column Name,Nom de la Colonne,
Columns,Colonnes,
Columns / Fields,Colonnes / Champs,
Comment,Commentaire,
Comment By,Commentaire de,
Comment Email,Commentaire Email,
Comment Type,Type de Commentaire,
Comments and Communications will be associated with this linked document,Commentaires et Communications seront associés à ce document lié,
Commit,Commettre,
Communication Link,Lien de communication,
Communication Type,Type de Communication,
Company History,Historique de la Société,
Company Introduction,Présentation de la Société,
"Configure how amended documents will be named.<br>

Default behaviour is to follow an amend counter which adds a number to the end of the original name indicating the amended version. <br>

Default Naming will make the amended document to behave same as new documents.","Configurez la manière dont les documents modifiés seront nommés.<br>

Le comportement par défaut est de suivre un compteur de modifications qui ajoute un numéro à la fin du nom d'origine indiquant la version modifiée. <br>

La dénomination par défaut fera en sorte que le document modifié se comporte de la même manière que les nouveaux documents.",
Confirmation Email Template,Modèle de courriel de confirmation,
Console Log,Journal de la console,
Contact,Contact,
Contact Details,Coordonnées,
Contact Email,Email du Contact,
Contact Numbers,Numéro de contact,
Contact Phone,Numéro du contact,
"Contact options, like ""Sales Query, Support Query"" etc each on a new line or separated by commas.","Les options de contact, comme ""Demande de Ventes, Demande d'Aide"" etc., doivent être chacune sur une nouvelle ligne ou séparées par des virgules.",
Contacts,Contacts,
Content,Contenu,
Content Hash,Hash du Contenu,
Content Type,Type de Contenu,
Context,Le contexte,
Context Script,Script de contexte,
Contributed,Contribué,
Contribution Document Name,Nom du document de contribution,
Contribution Status,Statut de la contribution,
Copyright,Droit d'Auteur,
Count,Compter,
Count Filter,Filtre de comptage,
Counter,Compteur,
Country,Pays,
Country Name,Nom Pays,
County,Canton,
Create Contacts from Incoming Emails,Créer des contacts à partir des e-mails entrants,
Create Entry,Créer une entrée,
Create Log,Créer un journal,
Created,Créé,
Cron Format,Format Cron,
Currency Name,Nom de la Devise,
Currency Precision,Précision de la Devise,
Current Value,Valeur actuelle,
Custom,Personnaliser,
Custom Base URL,URL de base personnalisée,
Custom CSS,CSS Personnalisé,
Custom Configuration,Configuration personnalisée,
Custom DocPerm,Permission de Document Personnalisé,
Custom Field,Champ Personnalisé,
Custom Format,Format Personnalisé,
Custom HTML Help,Aide HTML Personnalisée,
Custom Menu Items,Éléments du Menu Personnalisés,
Custom Options,Options personnalisées,
Custom Overrides,Remplacements personnalisés,
Custom Report,Rapport personnalisé,
Custom Role,Rôle Personnalisé,
Custom SCSS,SCSS personnalisé,
Custom Sidebar Menu,Barre Latérale Personnalisée,
Custom?,Personnaliser ?,
Customization,Personnalisation,
Customize Form,Personnaliser le formulaire,
Customize Form Field,Personnaliser un Champ de Formulaire,
Dark Color,Couleur sombre,
Dashboard Chart,Tableau de bord - indicateur,
Dashboard Chart Field,Champ de graphique du tableau de bord,
Dashboard Chart Link,Lien de tableau de bord - indicateur,
Dashboard Chart Source,Source du graphique du tableau de bord - indicateur,
Dashboard Manager,Gestionnaire de tableau de bord,
Dashboard Name,Nom du tableau de bord,
Dashboard Settings,Paramètres du tableau de bord,
Dashboards,Tableaux de bord,
Data,Données,
Data Export,Export de données,
Data Import,Importation de données,
Database Engine,Moteur de Base de Données,
Date Format,Format de Date,
Date and Number Format,Format de Date et Nombre,
Datetime,Date/Heure,
Day,Jour,
Day of Week,Jour de la semaine,
Days After,Jours Suivants,
Days Before,Jours Précedents,
Days Before or After,Jours Précédents ou Suivants,
Default Amendment Naming,Désignation par défaut des amendements,
Default Incoming,Entrant par Défaut,
Default Letter Head,En-Tête de Courrier par Défaut,
Default Naming,Dénomination par défaut,
Default Outgoing,Sortant par Défaut,
Default Portal Home,Accueil du portail par défaut,
Default Print Format,Format d'Impression par Défaut,
Default Print Language,Langue d&#39;impression par défaut,
Default Redirect URI,URI de Redirection par Défaut,
Default Role at Time of Signup,Rôle au Moment de l’Inscription par Défaut,
Default Sort Field,Champ de tri par défaut,
Default Sort Order,Ordre de tri par défaut,
Default Value,Valeur par Défaut,
Default display currency,Devise d'affichage par défaut,
"Default: ""Contact Us""","Par Défaut: ""Contactez-nous""",
DefaultValue,Valeur par Défaut,
Defaults,Valeurs Par Défaut,
Deleted,Supprimé,
Deleted DocType,Suppimer le DocType,
Deleted Document,Document Supprimé,
Deleted Name,Nom Supprimé,
Depends On,Dépend De,
Description,Description,
Designation,Désignation,
Desk Access,Accès au Bureau,
Desktop Icon,Icône du Bureau,
Details,Détails,
"Different ""States"" this document can exist in. Like ""Open"", ""Pending Approval"" etc.","Différents «États» dans lesquels le présent document peut exister. Comme ""Ouvert"", ""En attente d'approbation"", etc",
Digits,Chiffres,
Disable Auto Refresh,Désactiver l&#39;actualisation automatique,
Disable Automatic Recency Filters,Désactiver les filtres automatiques de récurrence,
Disable Count,Désactiver le compte,
Disable SMTP server authentication,Désactiver l&#39;authentification du serveur SMTP,
Disable Sidebar Stats,Désactiver les statistiques de la barre latérale,
Disable Standard Email Footer,Désactiver le Pied de Page d’Email Standard,
Display,Afficher,
Display Depends On,Affichage Dépend de,
Doc Event,Événement Doc,
Doc Events,Événements Doc,
Doc Status,Statut du Document,
DocType Action,Action DocType,
DocType Event,Événement DocType,
DocType Link,Lien DocType,
DocType View,Vue DocType,
DocType on which this Workflow is applicable.,DocType pour lequel ce Flux de Travail est applicable.,
Document Actions,Actions de document,
Document Follow,Document Suivre,
Document Link,Lien de document,
Document Linking,Lien vers les documents,
Document Links,Liens de document,
Document Naming Rule,Règle de dénomination de document,
Document Naming Rule Condition,Condition de règle de dénomination de document,
Document Naming Settings,Masque de numérotation des documents,
Document Share,Partage de documents,
Document Share Report,Rapport de Partage de Document,
Document States,États du Document,
Document Tag,Balise de document,
Document Title,Titre du document,
Document Type to Track,Type de document à suivre,
Document Types,Types de documents,
Documentation Link,Lien vers la documentation,
Documentation URL,URL de la documentation,
Domain,Domaine,
Domains HTML,Domaines HTML,
"Don't HTML Encode HTML tags like &lt;script&gt; or just characters like &lt; or &gt;, as they could be intentionally used in this field","Ne pas encoder les balises HTML en HTML comme &lt;script&gt; ou tout simplement des caractères comme &lt; ou &gt;, car ils pourraient être utilisés intentionnellement dans ce champ",
Don't Override Status,Ne pas Remplacer le Statut,
Don't Send Emails,Ne pas envoyer d&#39;emails,
Dropdowns,Listes déroulantes,
Due Date Based On,Date d&#39;échéance basée sur,
Dynamic Filters,Filtres dynamiques,
Dynamic Filters JSON,Filtres dynamiques JSON,
Dynamic Filters Section,Section des filtres dynamiques,
Dynamic Link,Lien Dynamique,
Dynamic Report Filters,Filtres de rapport dynamique,
Dynamic Route,Route dynamique,
Dynamic Template,Modèle dynamique,
Edit Values,Modifier les valeurs,
Editable Grid,Grille Éditable,
Eg. smsgateway.com/api/send_sms.cgi,Eg. smsgateway.com / api / send_sms.cgi,
Email,Courriel,
Email Account,Compte Email,
Email Account Name,Nom du Compte Email,
Email Address,Adresse électronique,
Email Address whose Google Contacts are to be synced.,Adresse e-mail dont les contacts Google doivent être synchronisés.,
Email Flag Queue,Liste d'Attente des d'Emails Marqués,
Email Footer Address,Pied de Page Email,
Email Group,Groupe Email,
Email Group Member,Membre du Groupe Email,
Email IDs,ID's E-mail,
Email Inbox,Boîte de réception e-mail,
Email Queue,File d'Attente Email,
Email Queue Recipient,Destinataire de la Liste d'Attente d'Emails,
Email Reply Help,Aide aux réponses par email,
Email Rule,Règle Email,
Email Settings,Paramètres d'Email,
Email Signature,Signature Email,
Email Status,Statut de l'Email,
Email Sync Option,Option de Synchronisation d'Email,
Email Template,Modèle d&#39;email,
Email To,Email À,
Email Unsubscribe,Se Désabonner Email,
Emails will be sent with next possible workflow actions,Les e-mails seront envoyés lors des actions de workflow,
Enable,Activer,
Enable Auto Reply,Activer la Réponse Automatique,
Enable Automatic Linking in Documents,Activer la liaison automatique dans les documents,
Enable Comments,Activer Commentaires,
Enable Email Notifications,Activer les notifications par e-mail,
Enable Incoming,Activer Entrant,
Enable Onboarding,Activer l&#39;intégration,
Enable Outgoing,Activer Sortant,
Enable Password Policy,Activer la Politique de Mot de Passe,
Enable Print Server,Activer le serveur d&#39;impression,
Enable Raw Printing,Activer l&#39;impression brute,
Enable Scheduled Jobs,Activer les Tâches Planifiées,
Enable Security,Activer la sécurité,
Enable Social Login,Activer la connexion sociale,
Enable Two Factor Auth,Autoriser l'Authentification à Double Facteurs,
Enabled,Activé,
End Date,Date de fin,
End Date Field,Champ pour la Date de Fin,
Ends on,Se termine le,
Enter Form Type,Entrez le Type de Formulaire,
"Enter default value fields (keys) and values. If you add multiple values for a field, the first one will be picked. These defaults are also used to set ""match"" permission rules. To see list of fields, go to ""Customize Form"".","Entrez le nom et la valeur des champs de valeur par défaut. Si vous ajoutez plusieurs valeurs pour un champ, le première sera choisie. Ces valeurs par défaut sont également utilisées pour définir les règles d'autorisation ""correspondantes"". Pour voir la liste des champs, cliquez sur ""Personnaliser le Formulaire"".",
"Enter static url parameters here (Eg. sender=ERPNext, username=ERPNext, password=1234 etc.)","Entrez les paramètres d'url statiques (par exemple ici sender = ERPNext, username = ERPNext, mot de passe = 1234 etc)",
Enter url parameter for message,Entrez le paramètre url pour le message,
Enter url parameter for receiver nos,Entrez le paramètre url pour le nombre de destinataires,
Error Log,Journal des Erreurs,
Event,Événement,
Event Category,Catégorie d&#39;événement,
Event Participants,Participants à l&#39;événement,
Event Type,Type d'Événement,
Everyone,Tout le monde,
"Ex: ""colors"": [""#d1d8dd"", ""#ff5858""]","Ex: &quot;couleurs&quot;: [&quot;# d1d8dd&quot;, &quot;# ff5858&quot;]",
Example,Exemple,
"Example: ""/desk""",Exemple: &quot;/ desk&quot;,
Example: #Tree/Account,Exemple: # Tree / Account,
Example: 00001,Exemple: 00001,
Example: {{ subject }},Exemple: {{sujet}},
Execute,Exécuter,
Expiration time,Date d'Expiration,
Expire Notification On,Les Notifications Expirent le,
Expires In,Expire Dans,
Expiry time of QR Code Image Page,Heure d'expiration de l'image du QR Code,
Export,Exporter,
Export From,Exporter de,
Expose Recipients,Exposer Destinataires,
"Expression, Optional","Expression, Optionnel",
External,Externe,
Fetch From,Récupérer depuis le champ,
Field,Champ,
Field Description,Description du Champ,
Field Type,Type de Champ,
"Field that represents the Workflow State of the transaction (if field is not present, a new hidden Custom Field will be created)","Champ qui représente l'État du Workflow de la transaction (si le champ n'est pas présent, un nouveau champ caché personnalisé sera créé)",
Field to Track,Champ à suivre,
Fieldname,Nom du Champ,
Fields,Champ,
Fields Multicheck,Champs à choix multiples,
"Fields separated by comma (,) will be included in the ""Search By"" list of Search dialog box","Les champs séparés par une virgule (,) seront inclus dans la liste ""Recherche par"" de la boîte de dialogue de Recherche",
Fieldtype,Type de Champ,
File,Fichier,
File Information,Informations sur le fichier,
File Name,Nom du Fichier,
File Size,Taille du Fichier,
File Type,Type de fichier,
File URL,URL du fichier,
Files,Fichiers,
Filter Data,Filtrer les Données,
Filter Meta,Meta de Filtre,
Filter Name,Nom du filtre,
Filter Values,Valeurs du filtre,
Filters Configuration,Configuration des filtres,
Filters Display,Affichage des Filtres,
Filters JSON,Filtres JSON,
Filters Section,Section Filtres,
"Filters will be accessible via <code>filters</code>. <br><br>Send output as <code>result = [result]</code>, or for old style <code>data = [columns], [result]</code>","Les filtres seront accessibles via des <code>filters</code> .<br><br> Envoyer la sortie comme <code>result = [result]</code> , ou pour les <code>data = [columns], [result]</code> style ancien <code>data = [columns], [result]</code>",
Finished,Fini,
First Name,Prénom,
First Success Message,Premier message de succès,
Flag,Drapeau,
Float,Nombre Réel,
Float Precision,Nombre de Décimales,
Fold,Pli,
Folder,Dossier,
Folder Name,Nom du dossier,
Font,Police de caractère,
Font Properties,Propriétés de la police,
Font Size,Taille de la Police,
Fonts,Polices,
Footer,Pied de Page,
Footer Content,Contenue du pied de page,
Footer HTML,Pied de page HTML,
Footer Items,Éléments du Pied de Page,
Footer Logo,Logo du pied de page,
Footer Template,Modèle de pied de page,
Footer Template Values,Valeurs du modèle de pied de page,
Footer will display correctly only in PDF,Le pied de page ne s&#39;affichera correctement qu&#39;en PDF,
For DocType Link / DocType Action,Pour DocType Link / DocType Action,
For User,Pour l\'Utilisateur,
For Value,Pour la Valeur,
For example: {} Open,Par exemple: {} Ouvrir,
"For help see <a href=""https://frappeframework.com/docs/user/en/guides/portal-development/web-forms"" target=""_blank"">Client Script API and Examples</a>","Pour obtenir de l&#39;aide, voir <a href=""https://frappeframework.com/docs/user/en/guides/portal-development/web-forms"" target=""_blank"">API de script client et exemples</a>",
Force,Forcer,
Force User to Reset Password,Forcer l&#39;utilisateur à réinitialiser le mot de passe,
Form Settings,Paramètres de formulaire,
Form URL-Encoded,Formulaire encodé en URL,
Format Data,Format des Données,
Fortnightly,Bimensuel,
Forward To Email Address,Transférer à l'Adresse Email,
Fraction Units,Fractions d’Unités,
Frappe Support,Support Frappe,
Frequency,Fréquence,
From Date Field,Champ date,
From Full Name,Nom de l’Expéditeur,
Full,Complet,
Full Name,Nom Complet,
Full Width,Pleine largeur,
Function,Une fonction,
GLAO User,Utilisateur GLAO,
Gender,Sexe,
Generate Keys,Générer des clés,
Geolocation,Géolocalisation,
Get Contacts,Obtenir les contacts,
Get a preview of generated names with a series.,Obtenez un aperçu des noms générés avec le masque.,
Get your globally recognized avatar from Gravatar.com,Obtenir votre avatar mondialement reconnu depuis Gravatar.com,
Git Branch,Branche Git,
Global Search DocType,Recherche globale DocType,
Global Search Settings,Paramètres de recherche globale,
Global Unsubscribe,Se Désabonner Globalement,
Go to Page,Aller à la page,
Google Analytics ID,ID Google Analytics,
Google Calendar,Google Agenda,
Google Calendar Event ID,Identifiant d&#39;événement Google Agenda,
Google Calendar ID,Identifiant Google Agenda,
Google Contacts Id,Identifiant Google Contacts,
Google Settings,Paramètres Google,
Grant Type,Type de Subvention,
Group By Based On,Grouper par basé sur,
Group By Type,Regrouper par type,
HH:mm,HH: mm,
HH:mm:ss,HH: mm: ss,
HTML Editor,Éditeur HTML,
HTML Page,Page HTML,
HTML for header section. Optional,HTML pour la section d'en-tête. Optionnel,
Half,Moitié,
Half-yearly,Semestriel,
Has  Attachment,A Une Pièce Jointe,
Has Domain,A un Domaine,
Has Role,A Un Rôle,
Has Web View,A Une Vue Web,
Header,En-Tête,
Header HTML,En-tête HTML,
Header and Breadcrumbs,En-tête et fil d&#39;Ariane,
Headers,En-Têtes,
Heading,Titre,
Heatmap,Carte de chaleur,
Help Article,Article d’Aide,
Help Category,Catégorie d’Aide,
Help Dropdown,Aide déroulante,
Help HTML,Aide HTML,
Hidden,Caché,
Hide,Cacher,
Hide Block,Masquer le bloc,
Hide Border,Masquer la bordure,
Hide Copy,Masquer la Copie,
Hide Custom DocTypes and Reports,Masquer les types de documents et les rapports personnalisés,
Hide Days,Masquer les jours,
Hide Login,Masquer la connexion,
Hide Seconds,Masquer les secondes,
Hide Standard Menu,Masquer le Menu Standard,
Hide footer in auto email reports,Masquer le pied de page dans les rapports automatiques envoyés par email,
Higher priority rule will be applied first,La règle de priorité supérieure sera appliquée en premier,
Highlight,Surligner,
Home Page,Page d’Accueil,
Home Settings,Paramètres d&#39;accueil,
Hourly,Horaire,
Hourly Long,Toutes les heures,
Hourly rate limit for generating password reset links,Limite de taux horaire pour générer des liens de réinitialisation de mot de passe,
"How should this currency be formatted? If not set, will use system defaults","Comment cette devise doit-elle être formatée ? Si ce n’est pas défini, les paramètres par défaut du système seront utilisés",
ID (name) of the entity whose property is to be set,ID (nom) de l&#39;entité dont la propriété doit être définie,
IMAP Details,Détails IMAP,
IMAP Folder,Dossier IMAP à récupérer,
IP Address,Adresse IP,
Icon,Icône,
Icon will appear on the button,L'icône apparaîtra sur le bouton,
Identity Details,Détails de l&#39;identité,
"If Apply Strict User Permission is checked and User Permission is defined for a DocType for a User, then all the documents where value of the link is blank, will not be shown to that User","Si ""Appliquer des autorisations d'utilisateur strictes"" est coché et que l'autorisation d'utilisateur est définie pour un DocType et pour un utilisateur, tous les documents où la valeur du lien est vide ne seront pas affichés à cet utilisateur",
If Checked workflow status will not override status in list view,Si Cochée le statut du flux de travail ne remplacera pas le statut de la vue en liste,
"If checked, all other workflows become inactive.","Si coché, tous les autres flux de production deviennent inactifs.",
"If checked, users will not see the Confirm Access dialog.","Si cochée, les utilisateurs ne verront pas la boîte de dialogue de Confirmation d'Accès.",
"If disabled, this role will be removed from all users.","Si désactivé, ce rôle sera retiré de tous les utilisateurs.",
"If enabled,  user can login from any IP Address using Two Factor Auth, this can also be set for all users in System Settings","Si cette option est activée, l&#39;utilisateur peut se connecter à partir de n&#39;importe quelle adresse IP à l&#39;aide de l&#39;authentification à deux facteurs. Cette option peut également être définie pour tous les utilisateurs dans les paramètres système.",
"If enabled, all users can login from any IP Address using Two Factor Auth. This can also be set only for specific user(s) in User Page","Si cette option est activée, tous les utilisateurs peuvent se connecter à partir de n&#39;importe quelle adresse IP à l&#39;aide de l&#39;authentification à deux facteurs. Cela peut également être défini uniquement pour des utilisateurs spécifiques dans la page Utilisateur",
"If enabled, changes to the document are tracked and shown in timeline","Si activé, les modifications apportées au document sont suivies et affichées dans la chronologie.",
"If enabled, document views are tracked, this can happen multiple times","Si activé, les vues de document sont suivies, cela peut arriver plusieurs fois",
"If enabled, the document is marked as seen, the first time a user opens it","Si activé, le document est marqué comme vu, la première fois qu&#39;un utilisateur l&#39;ouvre",
"If enabled, the notification will show up in the notifications dropdown on the top right corner of the navigation bar.","Si elle est activée, la notification apparaîtra dans la liste déroulante des notifications dans le coin supérieur droit de la barre de navigation.",
"If enabled, users who login from Restricted IP Address, won't be prompted for Two Factor Auth","Si cette option est activée, les utilisateurs qui se connectent à partir d&#39;une adresse IP restreinte ne seront pas invités à utiliser l&#39;authentification à deux facteurs.",
"If enabled, users will be notified every time they login. If not enabled, users will only be notified once.","Si activé, les utilisateurs seront informés chaque fois qu'ils se connectent. Si ce n'est pas activé, les utilisateurs ne seront informés qu'une seule fois.",
If non standard port (e.g. 587),Si port non standard (e.g. 587),
"If non standard port (e.g. 587). If on Google Cloud, try port 2525.","Si port non standard (par exemple 587). Si vous utilisez Google Cloud, essayez le port 2525.",
"If non-standard port (e.g. POP3: 995/110, IMAP: 993/143)","Si port non standard (par exemple, POP3: 995/110, IMAP: 993/143)",
"If not set, the currency precision will depend on number format","Si elle n&#39;est pas définie, la précision de la devise dépend du format de nombre",
"If the user has any role checked, then the user becomes a ""System User"". ""System User"" has access to the desktop","Si l'utilisateur a un rôle quelconque vérifié, il devient un ""Utilisateur Système"". L'""Utilisateur Système"" a accès au bureau",
If user is the owner,Si l'utilisateur est le responsable,
"If you set this, this Item will come in a drop-down under the selected parent.","Si vous définissez ceci, cet Article sera dans un menu déroulant sous le parent sélectionné.",
"If your data is in HTML, please copy paste the exact HTML code with the tags.","Si vos données sont en HTML, veuillez copier-coller le code HTML exact avec les balises.",
Ignore User Permissions,Ignorer les Autorisations des Utilisateurs,
Ignore XSS Filter,Ignorer le Filtre XSS,
Ignore attachments over this size,Ignorer les pièces jointes supérieures à cette taille,
Ignored Apps,Applications ignorées,
Image Field,Champ d'Image,
Image Link,Lien vers l'Image,
Implicit,Implicite,
Import File,Importer le fichier,
Import File Errors and Warnings,Importer les erreurs de fichier et les avertissements,
Import Log Preview,Importer l&#39;aperçu du journal,
Import Preview,Aperçu d&#39;importation,
Import Type,Type d&#39;importation,
Import Warnings,Avertissements d&#39;importation,
Import from Google Sheets,Importer depuis Google Sheets,
In Days,En jours,
In Filter,Dans le Filtre,
In Global Search,Dans la Recherche Globale,
In List View,En Vue en Liste,
In Preview,En aperçu,
In Reply To,En Réponse À,
In Standard Filter,Dans Filtre Standard,
In points. Default is 9.,En points. 9 par défaut.,
In seconds,En secondes,
Inbox,Boîte de réception,
Inbox User,Utilisateur de la boîte de réception,
Include Search in Top Bar,Inclure la Recherche dans la Bar du Haut,
Include Web View Link in Email,Envoyer le lien de la vue Web du document par e-mail,
Incoming (POP/IMAP) Settings,Configuration POP/IMAP,
Incoming Server,Serveur de Courriel Entrant,
Incoming Settings,Configurations des Courriels Entrant,
Indent,Indentation,
Index Web Pages for Search,Indexer les pages Web pour la recherche,
Indicator,Indicateur,
Initial Sync Count,Nombre de Synchronisation Initiale,
Insert After,Insérer Après,
Insert New Records,Insérer de nouveaux enregistrements,
Insert Style,Insérez le Style,
Installed Application,Application installée,
Installed Applications,Applications installées,
Integration Request,Demande d'Intégration,
Integrations,Intégrations,
Integrations can use this field to set email delivery status,Les intégrations peuvent utiliser ce champ pour définir l'email du statut de la livraison,
Interests,Intérêts,
Introduce your company to the website visitor.,Présentez votre entreprise pour le visiteur du site.,
Introductory information for the Contact Us Page,Information d'Introduction pour la Page Contactez-nous,
Is Active,Actif,
Is Attachments Folder,Est Dossier de Pièces Jointes,
Is Child Table,Est Table Enfant,
Is Complete,Est complet,
Is Completed,Est Complété,
Is Custom Field,Est un Champ Personnalisé,
Is Default,Est Défaut,
Is Folder,Est un Dossier,
Is Home Folder,Est le Dossier d'Accueil,
Is Mandatory Field,Est Champ obligatoire,
Is Optional State,Est facultatif,
Is Primary,Est primaire,
Is Primary Contact,Personne de Contact,
Is Primary Mobile,Est le mobile primaire,
Is Primary Phone,Est le téléphone primaire,
Is Private,Est Privé,
Is Public,Est public,
Is Published Field,Est un Champ Publié,
Is Single,Est Seul,
Is Skipped,Est ignoré,
Is Spam,Est Spam,
Is Standard,Est Standard,
Is Submittable,Est Validable,
Is Table,Est Table,
Is Tree,Est arbre,
Is Unique,Est unique,
Item Label,Étiquette d&#39;article,
Item Type,Type d&#39;élément,
Items,Articles,
JSON Request Body,Corps de demande JSON,
JavaScript,Javascript,
JavaScript Format: frappe.query_reports['REPORTNAME'] = {},"""Format JavaScript :\nfrappe.query_reports [' NOMDURAPPORT '] = {}""",
Kanban Board Column,Colonne Tableau Kanban,
Kanban Board Name,Nom du Tableau Kanban,
Key,Clé,
Keyboard Shortcuts,Raccourcis clavier,
Knowledge Base Contributor,Contributeur à la Base de Connaissances,
Knowledge Base Editor,Éditeur de la Base de Connaissance,
LDAP Email Field,Champ Email LDAP,
LDAP First Name Field,Champ Prénom LDAP,
LDAP Group,Groupe LDAP,
LDAP Group Field,Champ de groupe LDAP,
LDAP Group Mapping,Mappage de groupe LDAP,
LDAP Group Mappings,Mappages de groupe LDAP,
LDAP Last Name Field,Champ Nom LDAP,
LDAP Middle Name Field,Champ de prénom LDAP,
LDAP Mobile Field,Champ mobile LDAP,
LDAP Phone Field,Champ de téléphone LDAP,
LDAP Search String,Chaîne de Recherche LDAP,
LDAP Security,Sécurité LDAP,
LDAP Server Url,Url du Serveur LDAP,
LDAP Settings,Paramètres LDAP,
LDAP User Creation and Mapping,Création et mappage d&#39;utilisateurs LDAP,
LDAP Username Field,Champ Nom d'utilisateur LDAP,
Label,Étiquette,
Label Help,Aide d’Étiquette,
Label and Type,Étiquette et Type,
Landing Page,Page d'Accueil,
Language,Langue,
Language Code,Code de la Langue,
Language Name,Nom de la Langue,
Last Active,Dernière Activité,
Last Execution,Dernière exécution,
Last IP,Dernière Adresse IP,
Last Known Versions,Derniers Versions Connues,
Last Login,Dernière Connexion,
Last Month,Le mois dernier,
Last Name,Nom de Famille,
Last Password Reset Date,Date de réinitialisation du dernier mot de passe,
Last Quarter,Le dernier quart,
Last Sync On,Dernière synchronisation le,
Last Synced On,Dernière synchronisation sur,
Last User,Dernier utilisateur,
Last Week,La semaine dernière,
Last Year,L&#39;année dernière,
Leave blank to repeat always,Laissez vide pour répéter sans fin,
Left,Parti,
Letter,Lettre,
Letter Head,En-Tête,
Letter Head Based On,Tête de lettre basée sur,
Letter Head Image,Image en tête de lettre,
Letter Head Name,Nom de l'En-Tête,
Letter Head in HTML,En-Tête en HTML,
Level,Niveau,
License,Licence,
Light Color,Couleur claire,
Like,Comme,
Limit,Limite,
Line,Ligne,
Link Cards,Cartes de liaison,
Link DocType,DocType du Lien,
Link Document Type,Lien Type de document,
Link Name,Nom du Lien,
Link Title,Titre du Lien,
Link To,Lié à,
Link to the page you want to open. Leave blank if you want to make it a group parent.,Lien vers la page que vous souhaitez ouvrir. Laissez ce champ vide si vous voulez faire un parent de groupe.,
Linked,Lié,
Links,Liens,
List,Liste,
List Columns,Colonnes de la liste,
List Filter,Filtre de liste,
List Settings,Paramètres de liste,
List View Settings,Paramètres d&#39;affichage de liste,
"List as [{""label"": _(""Jobs""), ""route"":""jobs""}]","Liste comme [{ ""label"": _ ( ""Jobs""), ""route"": ""emplois""}]",
Load Balancing,L&#39;équilibrage de charge,
Location,Localisation,
Log,Journal,
Log Data,Données de journal,
Log Setting User,Utilisateur de paramètres de journal,
Log Settings,Paramètres du journal,
Login,Connexion,
Login After,Connexion à Partir de,
Login Before,Connexion Jusqu'à,
Logout,Déconnecté,
Logout All Sessions on Password Reset,Déconnecter toutes les sessions lors de la réinitialisation du mot de passe,
Logout From All Devices After Changing Password,Déconnexion de tous les appareils après la modification du mot de passe,
Long Text,Texte Long,
Main Section,Section Principale,
Main Section (HTML),Section principale (HTML),
Main Section (Markdown),Section principale (Markdown),
"Make ""name"" searchable in Global Search","Rendre ""nom"" cherchable dans la Recherche Globale",
Mandatory Depends On,Obligatoire dépend de,
Map route parameters into form variables. Example <code>/project/&lt;name&gt;</code>,Mappez les paramètres d&#39;itinéraire en variables de formulaire. Exemple <code>/project/&lt;name&gt;</code>,
Marked As Spam,Marquer comme Spam,
Mask,Masque,
Max 500 records at a time,Max 500 enregistrements à la fois,
Max Attachments,Nombre Max de Pièces Jointes,
Max Length,Longueur Max,
Max Value,Valeur Max,
Message Examples,Exemples de Messages,
Message ID,ID de Message,
Message Parameter,Paramètre Message,
Message-id,Id-message,
Method,Méthode,
Middle Name,Deuxième Nom,
Milestone,Étape importante,
Minimum,Le minimum,
Minimum Password Score,Score Minimum de Mot de Passe,
Mobile No,N° Mobile,
Module Name,Nom du Module,
Module Onboarding,Intégration du module,
Monthly Long,Long mensuel,
More Information,Informations Complémentaires,
More content for the bottom of the page.,Plus de contenu pour le bas de la page.,
Must be a publicly accessible Google Sheets URL,Doit être une URL Google Sheets accessible au public,
"Must be of type ""Attach Image""","Doit être de type ""Joindre l'Image""",
Mute Sounds,Désactiver les Sons,
Name,Nom,
Naming,Nom,
Navbar Item,Élément de la barre de navigation,
Navbar Settings,Paramètres de la barre de navigation,
Navbar Template,Modèle de barre de navigation,
Navbar Template Values,Valeurs du modèle de barre de navigation,
New Name,Nouveau Nom,
New value to be set,Nouvelle valeur à définir,
Newsletter Manager,Responsable de la Newsletter,
Next Action Email Template,Modèle d'email pour l'action suivante,
Next Actions HTML,HTML pour les actions suivantes,
Next Schedule Date,Prochaine Date Programmée,
Next State,État Suivant,
Next Sync Token,Jeton de synchronisation suivant,
No Copy,Aucune Copie,
No of Rows (Max 500),Nb de lignes (Max 500),
Non Negative,Non négatif,
None,Aucun,
Not Sent,Non Envoyé,
Note,Note,
Note Seen By,Note Vue Par,
"Note: For best results,  images must be of the same size and width must be greater than height.","Remarque: pour obtenir les meilleurs résultats, les images doivent avoir la même taille et la largeur doit être supérieure à la hauteur.",
Note: Multiple sessions will be allowed in case of mobile device,Remarque : Plusieurs sessions seront autorisées en cas d'appareil mobile,
Notification Log,Journal des notifications,
Notification Recipient,Destinataire de la notification,
Notification Subscribed Document,Document souscrit à la notification,
Notifications and bulk mails will be sent from this outgoing server.,Les Notifications et Lots d’Emails seront envoyés à partir de ce serveur sortant.,
Notify Users On Every Login,Notifier les Utilisateurs à Chaque Connexion,
Notify by Email,Avertir par e-mail,
Notify by email,Notifier par Email,
Notify if unreplied,Notifier si aucune réponse,
Notify if unreplied for (in mins),Notifier si aucune réponse dans (en min),
Notify users with a popup when they log in,Informer les utilisateurs avec un popup quand ils se connectent,
Number,Nombre,
Number Card,Carte numérique,
Number Card Link,Lien de la carte numérique,
Number Cards,Cartes numériques,
Number Format,Format Numérique,
Number of Backups,Nombre de Sauvegardes,
Number of Groups,Nombre de groupes,
Number of columns for a field in a Grid (Total Columns in a grid should be less than 11),Nombre de colonnes pour un champ dans une Grille (Total des colonnes dans une grille doit être inférieur à 11),
Number of columns for a field in a List View or a Grid (Total Columns should be less than 11),Nombre de colonnes pour un champ dans une vue en Liste ou en Grille (Total des colonnes doit être inférieur à 11),
OAuth Authorization Code,Code d'Autorisation OAuth,
OAuth Bearer Token,Jeton de Détention OAuth,
OAuth Client ID,ID client OAuth,
OAuth Provider Settings,Paramètres du Fournisseur OAuth,
OTP App,Application OTP,
OTP Issuer Name,Nom de l'Émetteur OTP,
Off,De,
Office,Bureau,
Older backups will be automatically deleted,Les anciennes sauvegardes seront automatiquement supprimées,
Onboarding Permission,Autorisation d&#39;intégration,
Onboarding Step,Étape d&#39;intégration,
Onboarding Step Map,Carte des étapes d&#39;intégration,
"Once submitted, submittable documents cannot be changed. They can only be Cancelled and Amended.","Une fois validé, les documents à valider ne peuvent plus être modifiés. Ils ne peuvent être annulés et modifiés (Nouv. version).",
Only Allow Edit For,Autoriser la Modification Uniquement Pour,
Only Send Records Updated in Last X Hours,Envoyer Uniquement les Enregistrements Mis à Jour au cours des X Dernières Heures,
Open Documents,Documents ouverts,
Open Reference Document,Document de référence ouvert,
Open URL in a New Tab,Ouvrir l&#39;URL dans un nouvel onglet,
Opened,Ouvert,
Optional: Always send to these ids. Each Email Address on a new row,Optionel : Toujours envoyer à ces ids. Chaque Adresse Email sera sur une nouvelle ligne,
Optional: The alert will be sent if this expression is true,Optionel : L'alerte sera envoyée si cette expression est vraie,
Options Help,Aide Options,
Order,Commande,
Org History,Histoire Org,
Org History Heading,Rubriques Histoire Org,
Other,Autre,
Outgoing Server,Serveur de Courriel Sortant,
Outgoing Settings,Configurations des Courriels Sortant,
Output,Sortie,
PDF Page Size,Format de Page PDF,
PDF Settings,Paramètres PDF,
Page Builder,Générateur de pages,
Page Building Blocks,Blocs de construction de page,
Page Name,Nom de la Page,
Page Settings,Paramètres de la Page,
Parent Field (Tree),Champ parent (arbre),
Parent Label,Étiquette Parente,
Participants,Les Participants,
Passive,Passif,
Password,Mot de Passe,
Password Reset Link Generation Limit,Limite de génération de lien de réinitialisation de mot de passe,
Password for Base DN,Mot de Passe pour la Base DN,
Patch,Correctif,
Patch Log,Journal de Patch,
Path,Chemin,
Path to CA Certs File,Chemin d&#39;accès au fichier de certificats de certification,
Path to Server Certificate,Chemin d&#39;accès au certificat de serveur,
Path to private Key File,Chemin vers le fichier de clé privée,
Pending Approval,Validation en attente,
Pending Verification,En attente de vérification,
Percentage,Pourcentage,
Perm Level,Niveau d'Autorisation,
Permission Level,Niveau d'Autorisation,
Permission Rules,Règles d'Autorisation,
Permissions,Autorisations,
Permitted Documents For User,Documents Autorisés pour l'Utilisateur,
Personal,Personnel,
Personal Data Deletion Request,Demande de suppression de données personnelles,
Personal Data Download Request,Demande de téléchargement de données personnelles,
Phone,Téléphone,
Phone No.,N° de Téléphone.,
Pie,Tarte,
Pincode,Code Postal,
Plant,Usine,
Portal Menu,Menu Portail,
Portal Menu Item,Article du Menu Portail,
Portal Settings,Paramètres du Portail,
Position,Fonction,
Precision,Précision,
Preferred Billing Address,Adresse de Facturation Principale,
Preferred Shipping Address,Adresse de Livraison Principale,
Prefix,Préfixe,
Prepared Report,Rapport préparé,
Prepared Report User,Utilisateur du rapport préparé,
Preview HTML,Aperçu HTML,
Preview Message,Message d&#39;aperçu,
Primary,Primaire,
Primary Color,Couleur primaire,
Print Format,Format d'Impression,
Print Format Help,Aide pour le Format d'Impression,
Print Format Type,Type de Format d'Impression,
Print Hide,Cacher à l'Impression,
Print Hide If No Value,Cacher à l’Impression si Aucune Valeur,
Print Server,Serveur d&#39;imprimante,
Print Settings,Paramètres d&#39;impression,
Print Style Name,Nom du Style d'Impression,
Print Style Preview,Aperçu Style d'Impression,
Print Width,Largeur d'Impression,
"Print Width of the field, if the field is a column in a table","Imprimer la Largeur du champ, si le champ est une colonne dans une table",
Print with letterhead,Imprimer avec en-tête,
Printer Name,Nom de l&#39;imprimante,
Private,Privé,
ProTip: Add <code>Reference: {{ reference_doctype }} {{ reference_name }}</code> to send document reference,ProTip: Ajouter <code>Reference: {{ reference_doctype }} {{ reference_name }}</code> envoyer référence du document,
Property Depends On,La propriété dépend,
Property Setter,Initialisateur de Propriété,
Property Type,Type de Propriété,
Provider,Fournisseur,
Provider Name,Nom du fournisseur,
Publish,Publier,
Published,Publié,
Pull from Google Calendar,Tirez de Google Agenda,
Pull from Google Contacts,Tirez de Google Contacts,
Pulled from Google Calendar,Tiré de Google Agenda,
Pulled from Google Contacts,Tiré de Google Contacts,
Push to Google Calendar,Push to Google Agenda,
Query,Requête,
Query / Script,Requête / Script,
Query Options,Options de Requête,
Query Report,Rapport de Requête,
Queued,Dans la file d'attente,
RAW Information Log,Journal d&#39;informations RAW,
Raw Commands,Commandes brutes,
Raw Email,Email Brut,
Raw Printing,Impression brute,
Read,Lire,
Read Only,Lecture Seule,
Read Only Depends On,La lecture seule dépend de,
Read by Recipient,Lu par le destinataire,
Read by Recipient On,Lu par le destinataire sur,
Reason,Raison,
Receiver By Document Field,Récepteur par champ de document,
Receiver By Role,Destinataire par rôle,
Receiver Parameter,Paramètre Récepteur,
Recipient,Destinataire,
Recipient Unsubscribed,Destinataire Désinscrit,
Recipients,Destinataires,
Recorder,Enregistreur,
Redirect URI Bound To Auth Code,URI de Redirection Lié au Code Auth,
Redirect URIs,URIs de Redirection,
Redirect URL,URL de Redirection,
Ref DocType,Doctype de Réf.,
Reference DocName,Référence DocName,
Reference DocType,Référence DocType,
Reference Docname,DocName de la Référence,
Reference Doctype,DocType de la Référence,
Reference Owner,Responsable de la Référence,
Reference Report,Rapport de référence,
Reference Type,Type de référence,
Reference name,Nom de la Référence,
Referrer,Référent,
Refresh Google Sheet,Actualiser Google Sheet,
Refresh Token,Jeton de Rafraîchissement,
Relinked,Reconnecté,
Remember Last Selected Value,Se Souvenir de la Dernière Valeur Sélectionnée,
Reminder,Rappel,
Repeat On,Répéter Le,
Repeat Till,Répéter Jusqu'au,
Repeat on Day,Répéter Chaque,
Repeat on Last Day of the Month,Répéter le dernier jour du mois,
Repeat this Event,Répéter cet Evénement,
Reply,Répondre,
Report Builder,Éditeur de Rapports,
Report Column,Colonne de rapport,
Report Description,Description du rapport,
Report Filter,Filtre de rapport,
Report Filters,Filtres du Rapport,
Report Hide,Cacher le Rapport,
Report Information,Rapport d&#39;information,
Report Manager,Gestionnaire de Rapports,
Report Name,Nom du Rapport,
Report Reference Doctype,Rapport de référence Doctype,
Report Type,Type de Rapport,
Request Data,Données de la requête,
Request Structure,Structure de la demande,
Request URL,URL de Demande,
Require Trusted Certificate,Exiger un certificat de confiance,
Reset Password Key,Réinitialiser le Mot de Passe,
Response,Réponse,
Response Type,Type de Réponse,
Restored,Restauré,
Restrict IP,Restreindre l'IP,
Restrict To Domain,Restreindre au domaine,
Restrict to Domain,Restreindre au Domaine,
Restrict user from this IP address only. Multiple IP addresses can be added by separating with commas. Also accepts partial IP addresses like (111.111.111),Restreindre la connexion à partir de cette adresse IP uniquement. Plusieurs adresses IP peuvent être ajoutées en les séparant par des virgules. Les adresses IP partielles comme (111.111.111) sont acceptées,
Revoked,Révoqué,
Right,Droit,
Robots.txt,robots.txt,
Role,Rôle,
Role Name,Nom du Rôle,
Role Permission for Page and Report,Autorisation du Rôle pour la Page et le Rapport,
Role Permissions,Autorisations du Rôle,
Role Permissions Manager,Gestionnaire d’Autorisations du Rôle,
Role Profile,Profil de rôle,
Role and Level,Rôle et Niveau,
Roles,Rôles,
Roles Assigned,Rôles Assignés,
Roles HTML,Rôles HTML,
Roles Html,Rôles Html,
Route History,Histoire de la route,
Row Name,Nom de la ligne,
Rows Added,Lignes Ajoutées,
Rows Removed,Lignes Supprimées,
Rule,Règle,
Rule Conditions,Conditions de règle,
Rules defining transition of state in the workflow.,Règles définissant la transition d'état dans le flux de travail,
"Rules for how states are transitions, like next state and which role is allowed to change state etc.","Règles pour la manière dont les états effectuent des transitions, comme état suivant et quel rôle est autorisé à changer d'état, etc",
Rules with higher priority number will be applied first.,Les règles avec un numéro de priorité plus élevé seront appliquées en premier.,
Run Jobs only Daily if Inactive For (Days),Exécuter les travaux uniquement quotidiennement si inactif pendant (jours),
Run scheduled jobs only if checked,Les tâches planifiées ne sont exécutées que si la case est cochée.,
SMS Gateway URL,URL de la Passerelle SMS,
SMS Parameter,Paramètres des SMS,
SSL/TLS Mode,Mode SSL / TLS,
Salutation,Civilité,
Sample,Échantillon,
Scheduled,Prévu,
Scheduled Job,Travail planifié,
Scheduled Job Log,Journal des travaux planifiés,
Scheduled Job Type,Type de travail planifié,
Scheduler Event,Événement du planificateur,
Script Manager,Gestionnaire de scripts,
Script Report,Rapport de Script,
Script Type,Type de Script,
Search,Rechercher,
Search Fields,Champs de recherche,
Search Priorities,Priorités de recherche,
Section Break,Saut de section,
Security Settings,Paramètres de Sécurité,
Seen,Vu,
Seen By,Vu Par,
Seen By Table,Table Vu Par,
Select Dashboard,Sélectionnez Dashboard,
Select Date Range,Sélectionnez la plage de dates,
Select DocType,Sélectionner le DocType,
Select Doctype,Sélectionnez Doctype,
Select Transaction,Sélectionner la Transaction,
Select an image of approx width 150px with a transparent background for best results.,Sélectionner une image d'une largeur d'environ 150px avec un fond transparent pour de meilleurs résultats.,
Select the label after which you want to insert new field.,Sélectionner le libellé après lequel vous voulez insérer un nouveau champ.,
Send After,Envoyer Après,
Send Alert On,Envoyer une Alerte Sur,
Send Email Alert,Envoyer une alerte email,
Send Email Print Attachments as PDF (Recommended),Envoyer les Pièces Jointes Imprimées de l'Email au format PDF (recommandé),
Send Me A Copy of Outgoing Emails,M'envoyer une Copie des E-mails Sortants,
Send Notification to,Envoyer une notification à,
Send Notifications For Documents Followed By Me,Envoyer des notifications pour les documents suivis par moi,
Send Notifications For Email Threads,Envoyer des notifications pour les fils de discussion,
Send Print as PDF,Envoyer Imprimer en PDF,
Send System Notification,Envoyer une notification système,
Send To All Assignees,Envoyer à tous les cessionnaires,
Send Welcome Email,Envoyer un Email de Bienvenue,
Send alert if date matches this field's value,Envoyer alerte si la date correspond à la valeur de ce champ,
Send alert if this field's value changes,Envoyer une alerte si la valeur de ce champ change,
Send an email reminder in the morning,Envoyer un email de rappel dans la matinée,
Send days before or after the reference date,Envoyer jours avant ou après la date de référence,
Send enquiries to this email address,Envoyer une demande à cette adresse courriel,
Send only if there is any data,Envoyer seulement s'il y a des données,
Send unsubscribe message in email,Envoyer un message de désabonnement dans l&#39;email,
Sendgrid,SendGrid,
Sent,Envoyé,
Sent Read Receipt,Accusé Réception Envoyé,
Sent or Received,Envoyés ou Reçus,
Sent/Received Email,Email envoyé / reçu,
Separator,Séparateur,
Series List for this Transaction,Liste des Séries pour cette Transaction,
Server Action,Action du serveur,
Server IP,IP serveur,
Server Script,Script de serveur,
Session Default,Session par défaut,
Session Default Settings,Paramètres de session par défaut,
Session Defaults,Session par défaut,
Set Banner from Image,Définir la Bannière depuis l'Image,
"Set Default Options for all charts on this Dashboard (Ex: ""colors"": [""#d1d8dd"", ""#ff5858""])","Définir les options par défaut pour tous les graphiques de ce tableau de bord (par exemple: &quot;couleurs&quot;: [&quot;# d1d8dd&quot;, &quot;# ff5858&quot;])",
Set Naming Series options on your transactions.,Définir les masques de numerotation pour vos documents,
Set New Password,Définir un Nouveau Mot de Passe,
Set Property After Alert,Définir la Propriété Après l'Alerte,
Set Role For,Définir le Rôle Pour,
Set Value,Définir la Valeur,
Set non-standard precision for a Float or Currency field,Définir la précision non standard pour un champ Flottant ou Devise,
Settings,Paramétrage,
Settings Dropdown,Liste déroulante des paramètres,
Setup,Configuration,
Setup Complete,Configuration Terminée,
Setup Series for transactions,Paramétrage des masques de numérotation,
Share,Partager,
Shared,Partagé,
Shipping,livraison,
Shop,Magasin,
Shortcuts,Raccourcis,
Show Dashboard,Afficher le tableau de bord,
Show Form Tour,Afficher la visite du formulaire,
Show Full Error and Allow Reporting of Issues to the Developer,Montrer l'Erreur Complète et Autoriser l'envoi de Rapports d'Erreurs aux Développeurs,
Show Full Form?,Afficher le formulaire complet?,
Show Line Breaks after Sections,Afficher les Sauts de Ligne après Sections,
Show Percentage Stats,Afficher les statistiques de pourcentage,
Show Preview Popup,Afficher l&#39;aperçu Popup,
Show Report,Afficher le rapport,
Show Section Headings,Voir la Section Titres,
Show Sidebar,Afficher la Barre Latérale,
Show Tags,Voir les étiquettes,
Show Title,Afficher le Titre,
Show as cc,Afficher en tant que cc,
Show full form instead of a quick entry modal,Afficher le formulaire complet au lieu d&#39;un modal de saisie rapide,
Show in Module Section,Afficher la Section Module,
Show in filter,Afficher dans le filtre,
Show percentage difference according to this time interval,Afficher la différence de pourcentage en fonction de cet intervalle de temps,
"Show title in browser window as ""Prefix - title""",Afficher le titre dans la fenêtre du navigateur comme &quot;Prefix - titre&quot;,
Sidebar Items,Articles de la Barre Latérale,
Sidebar Settings,Paramètres de la Barre Latérale,
Sidebar and Comments,Barre Latérale et Commentaires,
Simultaneous Sessions,Sessions Simultanées,
Single Types have only one record no tables associated. Values are stored in tabSingles,Types Simples ont un seul enregistrement aucunes tables associées. Les valeurs sont stockées dans tabSingles,
Skip Authorization,Passer autorisation,
Slack Channel,Canal Slack,
Slack Webhook URL,URL de Webhook Slack,
Slideshow,Diaporama,
Slideshow Items,Articles du Diaporama,
Slideshow Name,Nom du Diaporama,
Small Text,Petit Texte,
Smallest Currency Fraction Value,Plus Petite Valeur Fractionée de la Devise,
Smallest circulating fraction unit (coin). For e.g. 1 cent for USD and it should be entered as 0.01,"La plus petite unité de fraction de circulation (pièce de monnaie). E.g. 1 centime pour l'EUR et il devrait être saisi 0,01",
Social Link Settings,Paramètres de lien social,
Social Link Type,Type de lien social,
Social Login Key,Clé de connexion sociale,
Social Login Provider,Fournisseur de connexion sociale,
Social Logins,Connexions sociales,
Sort Field,Champ de Tri,
Sort Order,Ordre de Tri,
Source Text,Texte Source,
Standard Sidebar Menu,Menu Standard de la Barre Latérale,
Start Date Field,Date de début,
Started,Commencé,
Starts on,Commence le,
State/Province,État / Province,
States,États,
Static Parameters,Paramètres Statiques,
Stats,Statistiques,
Stats Time Interval,Intervalle de temps des statistiques,
Status,Statut,
Step,Étape,
Steps,Pas,
Stores the JSON of last known versions of various installed apps. It is used to show release notes.,Conserve le JSON des dernières versions connues de diverses applications installées. Il est utilisé pour montrer les notes de version.,
Style Settings,Paramètres du Style,
"Style represents the button color: Success - Green, Danger - Red, Inverse - Black, Primary - Dark Blue, Info - Light Blue, Warning - Orange","Style représente la couleur du bouton : Succès - Vert, Danger - Rouge, Inverse - Noir, Primaire - Bleu Foncé, Info - Bleu Clair, Avertissement - Orange",
Stylesheet,Feuille de style,
"Sub-currency. For e.g. ""Cent""","Sous-monnaie. E.g. : ""Cent""",
Sub-domain provided by erpnext.com,Sous-domaine fourni par erpnext.com,
Subdomain,Sous-domaine,
Subject Field,Champ de sujet,
Submit After Import,Validation après importation,
Subsidiary,Filiale,
Success Action,Action de succès,
Success URL,URL de Réussite,
Sum,Somme,
Symbol,Symbole,
Sync,Synchronisation,
Sync with Google Calendar,Synchroniser avec Google Agenda,
Sync with Google Contacts,Synchroniser avec Google Contacts,
System,Système,
System Console,Console système,
System Health,État du système,
System Manager,Gestionnaire système,
System Notification,Notification système,
System Page,Page Système,
System managers are allowed by default,Les gestionnaires de système sont autorisés par défaut,
Table Break,Saut de tableau,
Table HTML,HTML de Table,
Table MultiSelect,Tableau MultiSelect,
Tag Link,Lien tag,
Team Members,Membres de l'Équipe,
Team Members Heading,Titre des Membres de l’Équipe,
Template Options,Options de modèle,
Template Warnings,Avertissements de modèles,
Text,Texte,
Text Align,Aligner le Texte,
Text Color,Couleur du Texte,
Text Content,Contenu du Texte,
Text Editor,Éditeur de Texte,
The country's ISO 3166 ALPHA-2 code.,Code ALPHA-2 ISO 3166 du pays.,
The name that will appear in Google Calendar,Le nom qui apparaîtra dans Google Agenda,
The webhook will be triggered if this expression is true,Le Webhook sera déclenché si cette expression est vraie,
Theme,Thème,
Theme Configuration,Configuration du thème,
Theme URL,URL du thème,
These values will be automatically updated in transactions and also will be useful to restrict permissions for this user on transactions containing these values.,Ces valeurs seront automatiquement mises à jour dans les transactions et sera également utile pour restreindre les autorisations pour cet utilisateur sur les transactions contenant ces valeurs.,
Third Party Authentication,Authentification Tierce,
This card will be available to all Users if this is set,Cette carte sera disponible pour tous les utilisateurs si cela est défini,
This chart will be available to all Users if this is set,Ce graphique sera disponible pour tous les utilisateurs si cela est défini,
This format is used if country specific format is not found,Ce format est utilisé si un format spécifique au pays n'est pas trouvé,
This goes above the slideshow.,Ceci va au-dessus du diaporama.,
This is the number of the last created transaction with this prefix,Numéro de la dernière transaction créée avec ce préfixe,
This will be shown in a modal after routing,Cela sera affiché dans un modal après le routage,
This will be shown to the user in a dialog after routing to the report,Cela sera montré à l&#39;utilisateur dans une boîte de dialogue après le routage vers le rapport,
Thumbnail URL,URL de la Vignette,
Time,Temps,
Time Format,Format de l&#39;heure,
Time Series,Des séries chronologiques,
Time Series Based On,Série temporelle basée sur,
Time Zone,Fuseau Horaire,
Time Zones,Fuseaux Horaires,
Time format,Format de l&#39;heure,
Time in seconds to retain QR code image on server. Min:<strong>240</strong>,Temps en secondes pour conserver l'image du code QR sur le serveur. Min: <strong>240</strong>,
Timeline DocType,DocType Chronologie,
Timeline Field,Champ Chronologie,
Timeline Links,Liens chronologiques,
Timeline Name,Nom de la Chronologie,
Timeseries,Des séries chronologiques,
Timespan,Période,
Timestamp,Horodatage,
Title Field,Champ Titre,
Title Prefix,Préfixe de Titre,
To,À,
To Date Field,Champ Date,
"To add dynamic subject, use jinja tags like

<div><pre><code>New {{ doc.doctype }} #{{ doc.name }}</code></pre></div>","Pour ajouter un sujet dynamique, utilisez des balises jinja comme

<div><pre><code>Nouveau {{ doc.doctype }} #{{ doc.name }}</code></pre></div>",
To and CC,Pour et CC,
"To use Google Indexing, enable <a href=""/desk/google-settings"">Google Settings</a>.","Pour utiliser l'indexation Google, activez <a href=""/desk/google-settings"">Google Settings</a>.",
ToDo,Tâche à faire,
Token,Jeton,
Top,Haut,
Top Bar Item,Article de la Barre Supérieure,
Top Bar Items,Articles de la Barre Supérieure,
Topic,Sujet,
Total Subscribers,Total d'Abonnés,
Traceback,Retraçage,
Track Changes,Suivre les Modifications,
Track Email Status,Suivi du statut des emails,
Track Field,Piste de course,
Track Seen,Suivre les Vues,
Track Views,Suivi des vues,
Transition Rules,Règles de Transition,
Translatable,Traduisible,
Translated Text,Texte Traduit,
Translation,Traduction,
Trash,Poubelle,
Tree,Arbre,
Tree structures are implemented using Nested Set,Les arborescences sont implémentées à l&#39;aide d&#39;un jeu imbriqué,
Trigger Method,Méthode de Déclenchement,
"Trigger on valid methods like ""before_insert"", ""after_update"", etc (will depend on the DocType selected)","Délencher sur des méthodes valides comme ""before_insert"", ""after_update"", etc (dépendra du DocType choisi)",
Try a Naming Series,Essayez un masque de numérotation,
Two Factor Authentication,Authentification à Double Facteur,
Two Factor Authentication method,Méthode d'Authentification à Double Facteur,
Type,Type,
UNSEEN,NON LUS,
URL for documentation or help,URL de documentation ou d&#39;aide,
URL to go to on clicking the slideshow image,URL à consulter en cliquant sur l&#39;image du diaporama,
Unhandled Email,Email Non Géré,
Unread,Non Lus,
Unread Notification Sent,Notification Non Lue Envoyée,
Unshared,Non Partagé,
Unsubscribe Method,Méthode de Désinscription,
Unsubscribed,Désinscrit,
Update Amendment Naming,Mise à jour de la dénomination des amendements,
Update Existing Records,Mettre à jour les enregistrements existants,
Update Field,Mettre à jour le Champ,
Update Series Counter,Mettre à jour le compteur d'un masque de numérotation,
Update Series Number,Mettre à Jour la Série,
Update Settings,Mettre à jour les paramètres,
Update Value,Mettre à Jour la valeur,
Updated,Mis à Jour,
Uploaded To Dropbox,Téléchargé sur Dropbox,
Uploaded To Google Drive,Téléchargé sur Google Drive,
Use ASCII encoding for password,Utiliser le codage ASCII pour le mot de passe,
Use IMAP,Utiliser IMAP,
Use POST,Utiliser le POST,
Use Report Chart,Utiliser le graphique de rapport,
Use SSL,Utiliser SSL,
Use STARTTLS,Utiliser le STARTTLS,
Use TLS,Utiliser TLS,
Use different Email ID,Utiliser une authentification email différente,
Use this fieldname to generate title,Utilisez ce nom de champ pour générer le titre,
User Agent,Agent utilisateur,
User Cannot Create,L'utilisateur ne peut pas Créer,
User Cannot Search,L'utilisateur ne peut pas Rechercher,
User Defaults,Profil par Défaut,
User Email,Email de l'Utilisateur,
User Emails,Les Emails de l'Utilisateur,
User ID,Identifiant d'utilisateur,
User ID Property,Propriété ID utilisateur,
User Id,Identifiant d'utilisateur,
User Image,Photo de Profil,
User Name,Nom d&#39;utilisateur,
User Permission,Autorisation de l'Utilisateur,
User Social Login,Connexion sociale de l&#39;utilisateur,
User Tags,Balise Utilisateur,
User Type,Type d'Utilisateur,
User can login using Email id or Mobile number,L&#39;utilisateur peut se connecter en utilisant l&#39;identifiant de messagerie ou le numéro de téléphone mobile,
User can login using Email id or User Name,L'utilisateur peut se connecter en utilisant son Email ou son Nom d'Utilisateur,
User must always select,L'utilisateur doit toujours sélectionner,
Username,Nom d'Utilisateur,
Users,Utilisateurs,
Utilization,Utilization,
Utilization %,Utilization %,
Valid,Valide,
Validate Field,Valider le champ,
Validity,Validité,
Value,Valeur,
Value Based On,Valeur basée sur,
Value Changed,Valeur Modifiée,
Value To Be Set,Valeur à Définir,
Value from this field will be set as the due date in the ToDo,La valeur de ce champ sera définie comme date d&#39;échéance dans la tâche,
Value to Validate,Valeur à valider,
Verified,Vérifié,
Video URL,URL de la vidéo,
View Log,Voir le journal,
View Properties (via Customize Form),Voir Les Propriétés (via Personnaliser le formulaire),
View Report,Voir le rapport,
View Settings,Paramètres d'Affichage,
Viewed By,Vu par,
Visit,Visiter,
Warehouse,Entrepôt,
Web Form,Formulaire Web,
Web Form Field,Champ de Formulaire Web,
Web Form Fields,Champs de Formulaire Web,
Web Page,Page Web,
Web Page Block,Bloc de page Web,
Web Page View,Affichage de la page Web,
Web Template,Modèle Web,
Web Template Field,Champ de modèle Web,
Web Template Values,Valeurs du modèle Web,
Web View,Vue Web,
Webhook Data,Données Webhook,
Webhook Header,En-Tête Webhook,
Webhook Headers,En-Têtes Webhook,
Webhook Request,Requête Webhook,
Webhook Security,Sécurité du Webhook,
Webhook Trigger,Déclencheur Webhook,
Webhook URL,URL du webhook,
Website,Site web,
Website Analytics,Analyse de site Web,
Website Meta Tag,Tag méta de site Web,
Website Route Meta,Site Web Route Meta,
Website Route Redirect,Redirection de route de site Web,
Website Sidebar,Barre Latérale du Site Web,
Website Sidebar Item,Objet de la Barre Latérale du Site Web,
Website Slideshow,Diaporama du Site web,
Website Slideshow Item,Objet du Diaporama du Site Web,
Website Theme Ignore App,Thème de site Web Ignorer l&#39;application,
Website Theme Image,Image du Thème du Site Web,
Weekdays,Jours de la semaine,
Weekly Long,Longue semaine,
Welcome Email Template,Modèle d&#39;e-mail de bienvenue,
"When enabled this will allow guests to upload files to your application, You can enable this if you wish to collect files from user without having them to log in, for example in job applications web form.","Lorsque cette option est activée, les invités peuvent télécharger des fichiers dans votre application. Vous pouvez l&#39;activer si vous souhaitez collecter des fichiers auprès de l&#39;utilisateur sans qu&#39;ils aient à se connecter, par exemple dans le formulaire Web de candidature à un poste.",
Which view of the associated DocType should this shortcut take you to?,À quelle vue du DocType associé ce raccourci doit-il vous amener?,
Width,Largeur,
Wildcard Filter,Filtre de caractères génériques,
Workflow,Workflow,
Workflow Action,Action du Workflow,
Workflow Action Master,Actions de Base du Workflow,
Workflow Action Name,Nom de l'Action du Flux de Travail,
Workflow Action is not created for optional states,L&#39;action de flux de travail n&#39;est pas créée pour les états facultatifs,
Workflow Builder,Constructeur de Workflow,
Workflow Document State,État du Document du Workflow,
Workflow Name,Nom du Flux de Travail,
Workflow State,État du Workflow,
Workflow State Field,Champ de l'État du Flux de Travail,
Workflow Transition,Transition du Workflow,
Write,Écrire,
X Field,Champ X,
Y Axis,Axe Y,
Y Field,Champ Y,
Yes,Oui,
Your organization name and address for the email footer.,Le nom de votre société et l'adresse pour le pied de l'email.,
Zero means send records updated at anytime,Zéro signifie envoyer des enregistrements mis à jour à tout moment,
amend,Nouv. version,
blue,bleu,
cancel,annuler,
canceled,annulé,
create,créer,
darkgrey,gris foncé,
dd-mm-yyyy,jj-mm-aaaa,
dd/mm/yyyy,jj/mm/aaaa,
default,par Défaut,
delete,supprimer,
"e.g. ""Support"", ""Sales"", ""Jerry Yang""","e.g. ""Support"",""Vente"",""Jerry Yang""",
e.g. replies@yourcomany.com. All replies will come to this inbox.,e.g. replies@yourcompany.com. Toutes les réponses seront envoyées à cette adresse.,
export,exporter,
facebook,Facebook,
failed,échoué,
finished,fini,
green,vert,
icon,icône,
import,importer,
linkedin,LinkedIn,
mm-dd-yyyy,mm-jj-aaaa,
mm/dd/yyyy,mm/jj/aaaa,
no failed attempts,aucune tentative ratée,
old_parent,grand_parent,
orange,Orange,
print,Imprimer,
purple,violet,
queued,dans la file d'attente,
read,lire,
red,rouge,
report,rapport,
response,réponse,
scheduled,prévu,
select,sélectionner,
share,part,
started,commencé,
submit,valider,
twitter,Twitter,
write,écrire,
yellow,Jaune,
yyyy-mm-dd,aaaa-mm-jj,
